DLX6_homeodomain_1,9.542218240702184
DLX2_homeodomain_1,7.389334936085948
DLX5_homeodomain_1,7.608290544767748
BSX_homeodomain_1,9.157464761414154
DLX4_homeodomain_1,7.872274655196893
DLX3_homeodomain_1,7.611158388720622
Dlx1.mouse_homeodomain_1,9.381247295743425
Dlx2.mouse_homeodomain_1,10.116410878247919
BARX1_homeodomain_2,9.297365405266206
EN1_homeodomain_3,9.514568351068789
CDX2_homeodomain_1,8.892993188158663
CDX1_homeodomain_1,8.818438169746337
BARHL2_homeodomain_4,8.748708107501997
ALX3_homeodomain_2,8.176609453862575
DPRX_homeodomain_1,8.273081407663256
Barhl1.mouse_homeodomain_2,8.096301072913683
BARHL2_homeodomain_2,8.300864150262868
Alx1.mouse_homeodomain_1,8.953831247830529
BARHL2_homeodomain_5,8.7606432398497
BARHL2_homeodomain_1,8.526973558185226
Barhl1.mouse_homeodomain_1,8.236726033672866
DLX1_homeodomain_1,8.526811510761728
DMBX1_homeodomain_1,8.069933002061568
EMX1_homeodomain_1,8.707674318531886
EN1_homeodomain_1,8.6177983327106
EMX2_homeodomain_1,9.514922804224838
ESX1_homeodomain_1,8.15975353703227
EN2_homeodomain_1,9.45074265588785
ESX1_homeodomain_2,8.200869469174275
EN2_homeodomain_2,8.806760923133545
DPRX_homeodomain_2,8.849274906191681
EVX1_homeodomain_1,8.604838322526696
EVX2_homeodomain_1,8.693872981581023
En2.mouse_homeodomain_1,9.239914379879835
ALX3_homeodomain_3,9.02451052655163
GBX2_homeodomain_1,9.937722712050693
GBX1_homeodomain_1,10.003563284313891
DUXA_homeodomain_1,9.299211661104863
GBX2_homeodomain_3,7.96918752674264
GSC2_homeodomain_1,8.335898489227276
ALX4_homeodomain_1,8.836837151790824
CART1_homeodomain_1,8.717619955892587
Alx1.mouse_homeodomain_2,9.225178716596638
GSX1_homeodomain_1,7.960084179735375
DRGX_homeodomain_1,9.241172787260012
GSC_homeodomain_1,9.032208588186926
ARX_homeodomain_1,8.938941555548908
Alx4.mouse_homeodomain_1,8.991924114278397
Arx.mouse_homeodomain_1,9.097157727450565
GSX2_homeodomain_1,7.9821357602941845
Gbx1.mouse_homeodomain_1,9.369809871002253
Gbx2.mouse_homeodomain_1,9.40781921632945
HESX1_homeodomain_1,10.179223707640233
EMX1_homeodomain_2,9.124588732827831
EN1_homeodomain_2,9.267388168651536
HMBOX1_homeodomain_1,8.89644511630938
HOXA13_homeodomain_1,8.883140607364865
EN1_homeodomain_4,8.081703788227273
HOXA13_homeodomain_3,9.25394278929641
HOXA2_homeodomain_1,8.694759766334094
HOXA1_homeodomain_1,8.836354563236284
EMX2_homeodomain_2,8.744017942253372
HMX1_homeodomain_1,8.692298937565504
HOXB13_homeodomain_1,9.35888733905228
HMX3_homeodomain_1,8.069210153014446
HOXA10_homeodomain_2,8.680518576132684
HMX2_homeodomain_1,8.212760120602148
HOXA13_homeodomain_2,9.295758335306822
HOXA13_homeodomain_4,9.600864091648639
HOXA10_homeodomain_1,9.244851435661367
HOXC12_homeodomain_1,9.173039926124154
HOXD12_homeodomain_1,9.104810391014425
HOXB2_homeodomain_1,8.54075343013286
Barhl1.mouse_homeodomain_3,9.571241297012463
HOXB3_homeodomain_1,8.781392297006335
BARHL2_homeodomain_6,9.381518825707118
BARHL2_homeodomain_3,9.185920986820243
GBX2_homeodomain_2,8.910853188972382
HOXC10_homeodomain_1,8.962419476984905
HOXB5_homeodomain_1,8.040535576034763
HOXC10_homeodomain_3,9.358804103010229
HOXC10_homeodomain_2,8.681097668804306
HOXC13_homeodomain_1,9.377918443287584
HNF1B_homeodomain_1,9.388757815290603
HOXD11_homeodomain_2,8.101577550119273
HOXD11_homeodomain_1,9.607119569397682
HOXB13_homeodomain_2,9.67312582623751
HOXD13_homeodomain_1,9.628417559382484
HOXC11_homeodomain_1,9.114418156678774
HOXC11_homeodomain_2,8.414653242101828
ISL2_homeodomain_1,8.291456517378698
HOXC11_homeodomain_3,9.51907824465276
HOXC11_homeodomain_4,8.563413239571183
ISX_homeodomain_2,9.792066521907216
HOXC12_homeodomain_2,9.899826484972706
BARX1_homeodomain_1,9.447204134566107
HOXD8_homeodomain_1,7.5141386867912985
HOXC13_homeodomain_2,9.688631874112218
Hoxd9.mouse_homeodomain_1,8.374622861856125
HOXD12_homeodomain_2,9.996522423115394
Hoxa2.mouse_homeodomain_1,8.891280544756114
Hoxd9.mouse_homeodomain_3,8.480088777557867
Hoxc10.mouse_homeodomain_2,9.1212841584153
Hoxc10.mouse_homeodomain_1,9.474620374790632
Hoxd13.mouse_homeodomain_1,9.475928844775112
Hoxd3.mouse_homeodomain_1,7.873170205729593
ISX_homeodomain_3,10.663567044894776
HOXD13_homeodomain_2,9.764736055003283
Hoxa11.mouse_homeodomain_2,8.707073346169217
Hoxd9.mouse_homeodomain_2,8.59689212386715
HNF1B_homeodomain_2,9.379061752789113
HESX1_homeodomain_2,9.641732021458921
LHX9_homeodomain_1,8.587671765329546
HNF1A_homeodomain_1,9.411157436865366
Hoxd13.mouse_homeodomain_2,9.350283957701443
LMX1A_homeodomain_1,8.521975431734642
LMX1B_homeodomain_1,8.135259799024837
LMX1B_homeodomain_2,8.393430659876685
Lhx4.mouse_homeodomain_1,8.595153140707218
Lhx8.mouse_homeodomain_2,9.058485617705628
Hoxa11.mouse_homeodomain_1,9.17819664060194
MSX1_homeodomain_2,9.934203053377232
MSX1_homeodomain_3,9.03746070222072
Meox2.mouse_homeodomain_1,8.372984907789075
MSX2_homeodomain_2,9.624695353470969
LBX2_homeodomain_2,8.128236730750547
LHX2_homeodomain_1,9.28241677747895
LHX6_homeodomain_1,9.364655444191243
Msx3.mouse_homeodomain_2,9.973577191344113
IRX2_homeodomain_1,8.520792762578715
IRX5_homeodomain_1,8.184018832560078
NKX6-1_homeodomain_1,9.582186759542012
MEOX1_homeodomain_1,8.945841754416229
NKX6-1_homeodomain_2,9.076111680207575
NKX2-8_homeodomain_2,8.919754067816768
NKX2-8_homeodomain_1,8.721390565979632
MEOX2_homeodomain_1,8.290321067254666
NKX6-2_homeodomain_1,8.735936819351473
NKX3-1_homeodomain_1,8.972626673000164
MIXL1_homeodomain_1,8.105998111105073
NKX6-2_homeodomain_2,8.313838424440526
MNX1_homeodomain_1,8.75832957914917
NKX3-2_homeodomain_1,9.048746212886087
Nkx6-1.mouse_homeodomain_1,8.419164751468344
OTX1_homeodomain_2,9.410681990839166
ISX_homeodomain_1,9.72987265254254
Irx3.mouse_homeodomain_1,9.499335491887408
OTX2_homeodomain_2,9.37886057526886
Otx1.mouse_homeodomain_2,8.348499585862434
NKX2-3_homeodomain_2,9.670923943915284
NKX2-3_homeodomain_1,9.00476107320835
LHX6_homeodomain_3,9.857577642231206
Nkx3-1.mouse_homeodomain_1,9.294563042430838
PDX1_homeodomain_2,9.840302572910915
Lhx8.mouse_homeodomain_3,9.428043266087627
LBX2_homeodomain_1,8.127865646914508
NOTO_homeodomain_1,9.25378359949714
PRRX1_homeodomain_1,9.074993964725152
LHX9_homeodomain_2,9.380417590574595
PITX1_homeodomain_1,8.670049998837186
PITX1_homeodomain_2,8.902813546397482
PITX3_homeodomain_1,8.609839183040059
PRRX1_homeodomain_2,8.276107020714967
PRRX2_homeodomain_1,7.696269358644084
Prrx2.mouse_homeodomain_1,9.317476790284068
RAXL1_homeodomain_1,7.820170482243348
RHOXF1_homeodomain_2,8.818082079665857
RHOXF1_homeodomain_4,8.716013500065174
SHOX2_homeodomain_1,9.12968264222291
SHOX_homeodomain_1,9.524427501780679
Shox2.mouse_homeodomain_1,9.57516453248202
UNCX_homeodomain_2,7.910326933081983
Uncx.mouse_homeodomain_2,8.546305405030747
VAX1_homeodomain_1,7.986440652037878
VAX2_homeodomain_1,8.253836774373418
RHOXF1_homeodomain_1,8.31365208872473
Rhox11.mouse_homeodomain_1,8.619558097499414
RHOXF1_homeodomain_3,8.599802522717653
PHOX2A_homeodomain_1,9.138168018165572
PHOX2B_homeodomain_1,9.139667256071398
PHOX2B_homeodomain_2,9.359969420602361
VSX1_homeodomain_1,8.35066764799798
LHX2_homeodomain_2,9.338969896540668
VENTX_homeodomain_1,9.702202963313354
MEOX2_homeodomain_3,9.71278581100107
RAX_homeodomain_1,9.443598122520932
PROP1_homeodomain_1,9.528187860999253
VSX2_homeodomain_1,8.566579256882314
PROP1_homeodomain_2,8.762216802240665
Vsx1.mouse_homeodomain_1,7.87751613739071
PRRX1_homeodomain_3,8.80599499233854
LHX6_homeodomain_2,9.992505769634263
VSX1_homeodomain_2,7.748167528215166
NR2F1_nuclearreceptor_3,10.180557186154985
OTX1_homeodomain_1,9.574242673881344
ESRRG_nuclearreceptor_3,9.693376561774286
OTX2_homeodomain_1,9.489799233958387
NR2E1_nuclearreceptor_1,9.364646320295762
ESRRA_nuclearreceptor_1,9.817297103361312
Otx1.mouse_homeodomain_1,9.580548544692803
UNCX_homeodomain_1,8.389131653415902
ESRRB_nuclearreceptor_1,9.810985909005012
Uncx.mouse_homeodomain_1,9.035907827006213
MEOX2_homeodomain_2,9.319390615418513
Esrra.mouse_nuclearreceptor_2,10.199340156646272
Nr2e1.mouse_nuclearreceptor_1,9.32108537304444
Lhx8.mouse_homeodomain_1,9.143932017128144
MSX1_homeodomain_1,9.33442360040074
MSX2_homeodomain_1,9.67843188128559
NR4A2_nuclearreceptor_3,9.588222900501663
Msx3.mouse_homeodomain_1,9.497479777533172
HNF4A_nuclearreceptor_4,10.264921071964949
PDX1_homeodomain_1,9.108287432550917
NR2C2_nuclearreceptor_1,9.645043004639248
NR2E1_nuclearreceptor_2,9.08970367544039
NR2F6_nuclearreceptor_3,9.400822794672138
NR2F6_nuclearreceptor_2,10.195427777700715
HNF4A_nuclearreceptor_6,9.915828215058497
NR2F1_nuclearreceptor_1,9.81158189020509
NR2F6_nuclearreceptor_1,10.257834498697164
HNF4A_nuclearreceptor_1,9.958076640803597
HNF4A_nuclearreceptor_2,9.958282620463166
AR_nuclearreceptor_1,9.886636873650957
HNF4A_nuclearreceptor_5,10.059112892237778
HNF4A_nuclearreceptor_3,10.028525481062005
AR_nuclearreceptor_2,9.992944219620696
Hnf4a.mouse_nuclearreceptor_1,10.225189187298753
Ar.mouse_nuclearreceptor_1,9.897996286629493
ESR1_nuclearreceptor_1,10.147422984996098
ESRRA_nuclearreceptor_2,9.856433845074207
NR2F1_nuclearreceptor_2,9.67279370056535
ESRRG_nuclearreceptor_2,10.095717050551457
Nr2e1.mouse_nuclearreceptor_2,9.406313996387567
Esrra.mouse_nuclearreceptor_1,10.250184220939389
NR4A2_nuclearreceptor_2,10.115457965884644
Nr2f6.mouse_nuclearreceptor_2,10.253638561347572
ESRRG_nuclearreceptor_1,9.89950444235437
Nr2f6.mouse_nuclearreceptor_1,10.131625086586922
NR3C1_nuclearreceptor_1,10.191464495053978
NR3C2_nuclearreceptor_1,10.347416550173051
NR4A2_nuclearreceptor_1,9.946718175093878
RARA_nuclearreceptor_4,10.210533322544023
ESRRA_nuclearreceptor_3,9.811666307488352
RXRA_nuclearreceptor_1,10.110598390886494
RXRA_nuclearreceptor_2,9.44818127452178
RARG_nuclearreceptor_4,10.285664097500643
GMEB2_SAND_4,8.919663567277262
VENTX_homeodomain_2,10.125642651086196
PITX1_homeodomain_3,8.500254762314484
RARA_nuclearreceptor_6,10.177173387611077
RARA_nuclearreceptor_3,9.95796273996477
RARG_nuclearreceptor_1,10.236419341667954
RXRA_nuclearreceptor_3,10.040806886262644
RXRA_nuclearreceptor_4,9.56408505986876
RARG_nuclearreceptor_3,10.135847174356698
RXRB_nuclearreceptor_1,10.264180052022851
RXRG_nuclearreceptor_1,10.331110327982657
Rxra.mouse_nuclearreceptor_2,10.355434593763334
RARA_nuclearreceptor_1,9.853129001080774
RXRG_nuclearreceptor_2,10.335750322270172
RARA_nuclearreceptor_2,10.275732604156161
RXRG_nuclearreceptor_3,9.60392441480532
RARA_nuclearreceptor_5,10.210309015616716
RARG_nuclearreceptor_6,9.176937622519887
RARG_nuclearreceptor_2,10.191460528297469
CPEB1_RRM_1,9.50823209658222
RARG_nuclearreceptor_5,9.78652887048193
Rxra.mouse_nuclearreceptor_1,9.979314024201997
Rxrb.mouse_nuclearreceptor_1,10.275739679087536
Rara.mouse_nuclearreceptor_3,10.168915183156429
Rarb.mouse_nuclearreceptor_1,10.27794143901994
Rarg.mouse_nuclearreceptor_1,10.38070964673463
RORA_nuclearreceptor_2,10.262531709294564
PRDM4_C2H2_1,10.453158452067271
Rara.mouse_nuclearreceptor_2,9.913126793971273
E2F1_E2F_1,9.673358487086688
VDR_nuclearreceptor_1,10.140791698120864
E2F1_E2F_2,9.487673764639453
Vdr.mouse_nuclearreceptor_1,9.894720475506233
E2F4_E2F_1,10.117492807951791
Rarb.mouse_nuclearreceptor_3,10.160856108931895
E2F4_E2F_2,9.827762021518822
RORA_nuclearreceptor_1,10.358254045442521
E2F8_E2F_1,9.62518648745931
Rarg.mouse_nuclearreceptor_3,10.461567476870698
MTF1_C2H2_1,9.427672668228873
Rara.mouse_nuclearreceptor_1,9.908926562951706
SOX14_HMG_1,10.198913853004456
Rarb.mouse_nuclearreceptor_2,10.126595023152163
Rarg.mouse_nuclearreceptor_2,10.458851097645152
SOX14_HMG_3,9.726353553741816
THRA_nuclearreceptor_1,10.066445793253067
THRB_nuclearreceptor_1,10.049201358772123
Egr1.mouse_C2H2_1,10.221355015499384
Tp53.mouse_p53l_2,9.930448931548852
TP63_p53l_1,10.302057874670396
SOX10_HMG_5,9.931425014298114
SOX10_HMG_1,11.361350810127078
Tp53.mouse_p53l_1,9.906533482691486
THRB_nuclearreceptor_2,9.994519582427444
Tp53.mouse_p53l_3,9.816827966278282
SOX10_HMG_3,10.200949444908815
Tp73.mouse_p53l_1,9.853542293348639
SOX10_HMG_4,10.41731766322738
SOX14_HMG_2,10.176609124307475
E2F2_E2F_3,9.673858742081308
ZBTB49_C2H2_1,10.237716841969387
SOX10_HMG_2,10.934152948656148
ZNF713_C2H2_1,10.427067234933332
ZNF282_C2H2_1,9.777853575206677
SOX15_HMG_1,9.869330191323456
THRB_nuclearreceptor_3,9.942428231422426
SOX15_HMG_3,10.036305338014316
SOX15_HMG_2,9.848028997936837
SOX18_HMG_1,10.411869375567932
SOX18_HMG_2,10.163569729017397
SOX21_HMG_3,10.008037890571174
SOX21_HMG_4,10.396703872773443
ZNF435_C2H2_1,9.727587825387332
SOX8_HMG_2,10.244000698645266
SOX18_HMG_3,10.340698132273985
SOX21_HMG_1,10.232282466488428
ZNF232_C2H2_1,9.889726364528329
SOX2_HMG_2,10.434259289497604
SOX8_HMG_7,10.374450207603005
SOX2_HMG_6,10.31154411093722
SOX21_HMG_2,10.111398342059488
SOX8_HMG_5,9.939275161757806
SOX7_HMG_1,9.827918294619352
MSC_bHLH_1,9.24309211341535
SRY_HMG_3,10.288836113416338
SOX4_HMG_1,9.98110645300197
SRY_HMG_4,10.002026950882126
TFEC_bHLH_1,9.051285236425436
SOX8_HMG_1,10.251526210045995
SOX2_HMG_1,10.338037271166442
SOX8_HMG_6,9.302744357177104
SOX2_HMG_3,10.119841310357415
SOX2_HMG_4,10.131934127098617
SOX2_HMG_5,9.805582266341958
SOX7_HMG_2,10.702905380693068
SOX7_HMG_3,9.96514982610202
Sox1.mouse_HMG_3,10.275864190734168
SOX9_HMG_2,10.606976838863048
SOX9_HMG_3,10.24679024566133
SOX8_HMG_3,10.295564978483952
Bhlhb2.mouse_bHLH_2,9.78516509791966
SOX9_HMG_4,10.113359281774578
SRY_HMG_1,10.262074508738067
Sox10.mouse_HMG_1,10.544353133852255
SOX8_HMG_4,10.308421424529968
Sox10.mouse_HMG_2,9.828903283157473
Sox10.mouse_HMG_3,10.352322206617629
Sox1.mouse_HMG_4,10.362680926328622
NFIX_NFI_2,8.638277314826901
SOX8_HMG_8,10.305242086783394
NFIX_NFI_3,8.39494355542275
Sox11.mouse_HMG_1,9.589999700799567
Sox17.mouse_HMG_1,10.185876100211729
SRY_HMG_2,10.030416557609499
Sox17.mouse_HMG_2,10.031108738727468
Sox1.mouse_HMG_1,10.258386032544209
NR2F1_nuclearreceptor_4,10.312974398719604
NFIA_NFI_2,11.495711451900561
SOX9_HMG_5,10.841553133813903
Sox1.mouse_HMG_2,10.31458274501044
SOX9_HMG_6,11.307150586928174
SOX9_HMG_7,10.998339555460177
CREB3L1_bZIP_4,9.44161065097596
YY2_C2H2_3,9.585900000565395
TFAP2A_AP2_4,9.442301822376194
HOXD12_homeodomain_4,8.658622205967106
RXRG_nuclearreceptor_4,8.979736471945877
ESRRA_nuclearreceptor_4,9.166863988548663
ELK1_ETS_4,9.771710055235246
TBX20_TBX_5,9.878402380813284
TFAP2A_AP2_5,9.188163362848698
HES5_bHLH_2,10.005274046916355
E2F1_E2F_3,9.395444416137295
E2F1_E2F_4,9.10194729312039
HOXD12_homeodomain_3,9.379992892464273
Sox3.mouse_HMG_2,10.284467844495026
ARNTL_bHLH_1,9.818282878437046
Ascl2.mouse_bHLH_1,9.477753858518483
Sox3.mouse_HMG_1,10.4082862221411
Atoh1.mouse_bHLH_1,9.281958546123995
TFAP2C_TFAP_6,8.770118146157316
Sox3.mouse_HMG_3,10.43026937083826
CREB3L1_bZIP_5,9.654081045241533
BHLHA15_bHLH_1,10.476063628934483
Tcfap2a.mouse_TFAP_2,9.298013250556806
BHLHB2_bHLH_1,9.531181300951403
BHLHB3_bHLH_1,10.100373701751707
TFAP2A_AP2_6,10.003416600550125
BHLHE23_bHLH_1,9.579471283707178
BHLHE41_bHLH_1,10.038254846590348
RARB_nuclearreceptor_1,9.34340576767061
Bhlhb2.mouse_bHLH_1,9.83990841498479
CLOCK_bHLH_1,9.225087430188275
FIGLA_bHLH_1,9.386441637640758
TFAP2C_TFAP_4,8.548918928400617
Tcfap2a.mouse_TFAP_1,9.297109325040651
HEY1_bHLH_1,9.906343982779099
HEY2_bHLH_1,9.173367830013277
HEY2_bHLH_2,9.51079502391736
ID4_bHLH_1,9.320490817248
TFAP2C_TFAP_5,10.47383334243424
MAX_bHLH_2,10.24241956033945
BHLHE22_bHLH_1,9.950389197761893
NFIX_NFI_4,10.251489647920465
RFX5_RFX_3,9.716803852300288
MESP1_bHLH_1,8.949858100673147
CREB3L1_bZIP_6,9.993248516462543
MLXIPL_bHLH_1,9.781024014930559
Tcfap2a.mouse_TFAP_3,10.025314887326758
MLX_bHLH_1,9.635004034516463
MNT_bHLH_1,9.902785640238896
HES5_bHLH_1,10.141586897383434
HES7_bHLH_1,10.152837234395989
MYF6_bHLH_1,9.57255626372391
EGR4_C2H2_2,9.885113738256152
NEUROD2_bHLH_1,9.24064785382265
NEUROG2_bHLH_1,9.687784817922946
NEUROG2_bHLH_2,9.421989153606589
Mlx.mouse_bHLH_1,10.744703865973406
NHLH1_bHLH_1,9.560205087018325
NHLH1_bHLH_2,9.84241689776485
OLIG1_bHLH_1,9.835668628572705
OLIG2_bHLH_1,9.383165562815236
OLIG2_bHLH_2,9.479070797452707
SREBF2_bHLH_1,9.78189374108534
OLIG3_bHLH_1,9.169527922294137
Srebf1.mouse_bHLH_1,9.7238240136587
TCF3_bHLH_1,9.791629653130045
TCF4_bHLH_1,9.844138984586806
TCF4_bHLH_2,8.042416407544152
TFAP4_bHLH_1,10.056843502829011
TFAP4_bHLH_2,10.132103359535634
TFE3_bHLH_1,8.796258575823309
TFEB_bHLH_1,9.27275059571059
USF1_bHLH_1,9.859371027785784
CEBPB_bZIP_1,9.488874443192614
CEBPB_bZIP_2,9.565327089416215
ESRRA_nuclearreceptor_5,9.890595013042017
CEBPD_bZIP_1,9.572678492116907
CEBPE_bZIP_1,9.37438554306977
CEBPG_bZIP_1,9.947517654471639
CEBPG_bZIP_2,9.996646238281343
Cebpb.mouse_bZIP_1,9.479858445948281
JDP2_bZIP_1,9.809838840446048
JDP2_bZIP_3,9.408434338258573
Jdp2.mouse_bZIP_1,9.479964691320319
ATF4_bZIP_1,9.805497951101472
CREB3L1_bZIP_2,9.564340359775628
CREB3L1_bZIP_3,9.590106052690778
Creb5.mouse_bZIP_1,10.252050201798298
Tcf21.mouse_bHLH_1,9.804887272948633
Creb3l2.mouse_bZIP_2,9.62884507556872
DBP_bZIP_1,10.200249444551247
DBP_bZIP_2,10.242812332482927
Dbp.mouse_bZIP_1,10.307194346459056
ESRRA_nuclearreceptor_6,9.740987115535958
ATF7_bZIP_1,9.907336822887103
Atf4.mouse_bZIP_1,10.20253714436599
BATF3_bZIP_1,10.060493993904771
HLF_bZIP_1,9.565883808820828
Hlf.mouse_bZIP_1,9.69209419446372
NFE2_bZIP_1,11.38114810474805
FOXB1_forkhead_4,9.054003421795905
NRL_bZIP_1,8.456028313833798
JDP2_bZIP_2,10.378173682082817
Creb3l2.mouse_bZIP_1,10.250347084885462
JDP2_bZIP_4,10.345808585888648
Jdp2.mouse_bZIP_2,10.084363045418698
MAX_bHLH_1,9.865403846080525
MAFK_bZIP_1,9.509068638364411
MAFK_bZIP_3,9.210983542071446
Mafb.mouse_bZIP_1,9.192119035470434
FOXD2_forkhead_2,8.731491782850398
CREB3L1_bZIP_1,9.705400722918043
NFIL3_bZIP_1,9.40569064579234
CREB3_bZIP_1,9.652011919161012
CREB3_bZIP_2,9.597486485099495
TEF_bZIP_1,9.745855055115129
FOXD3_forkhead_2,9.194521452293316
TEF_bZIP_2,9.694249052147043
FOXI1_forkhead_1,10.0545877001502
FOXB1_forkhead_3,9.153519197070828
XBP1_bZIP_1,9.693068593349551
FOXL1_forkhead_1,9.416956215331965
FOXJ2_forkhead_2,9.202709706605305
FOXJ3_forkhead_1,8.73119143132655
FOXC1_forkhead_3,9.367107527659684
FOXC2_forkhead_2,9.231600592309398
FOXO4_forkhead_2,9.014081246216563
FOXO1_forkhead_1,9.203501400056645
FOXO6_forkhead_2,10.735718928859399
FOXO3_forkhead_2,9.68229654256151
FOXP3_forkhead_1,8.776529975540662
Foxc1.mouse_forkhead_2,9.415692885048585
Foxg1.mouse_forkhead_3,9.831464308450236
FOXC1_forkhead_1,9.335058504600958
XBP1_bZIP_2,9.656963119848285
MAFF_bZIP_1,9.659720788349915
FOXK1_forkhead_1,9.832801880235436
MAFK_bZIP_4,9.057038615993633
FOXC2_forkhead_3,9.220111761319949
FOXB1_forkhead_1,9.408676052907609
Foxj3.mouse_forkhead_3,9.375433243878312
Foxk1.mouse_forkhead_2,8.19487578925316
FOXG1_forkhead_2,9.732036336020812
FOXC1_forkhead_2,9.476982470876436
FOXO3_forkhead_3,9.350839311465634
FOXC2_forkhead_1,8.978487855593343
Foxc1.mouse_forkhead_1,9.72465838426443
FOXO1_forkhead_3,9.403852409309202
MEIS1_MEIS_1,9.278176735096721
FOXJ2_forkhead_3,9.385697134941978
FOXJ3_forkhead_3,9.59093187480579
Foxj3.mouse_forkhead_1,10.287272161799152
FOXO4_forkhead_3,9.040330336359666
FOXD2_forkhead_1,9.15515073607034
Mafb.mouse_bZIP_2,9.143720683970145
FOXL1_forkhead_2,9.079376079217248
ALX3_homeodomain_1,8.640775325656865
FOXD3_forkhead_1,9.103983216324757
Foxg1.mouse_forkhead_2,9.407865302473418
MEIS2_MEIS_2,9.309636191371908
Meis2.mouse_MEIS_1,9.26637958506791
MEIS3_MEIS_1,9.194975389949114
FOXJ2_forkhead_1,9.731019234986647
Foxk1.mouse_forkhead_1,10.23973265211957
FOXJ3_forkhead_2,9.795681664368246
Meis3.mouse_MEIS_1,8.644811973009318
SMAD3_MAD_1,9.668395440539015
Mafb.mouse_bZIP_3,9.391669913737019
FOXO1_forkhead_2,9.992326476583173
FOXO3_forkhead_1,10.207223017127774
FOXO4_forkhead_1,10.04618865914506
FOXO6_forkhead_1,9.823150163779701
Foxj3.mouse_forkhead_4,9.735028498702476
FOXO6_forkhead_3,9.849388801400366
MEF2A_MADS_1,9.963085546481992
MEF2B_MADS_1,10.29661380094565
FOXB1_forkhead_2,9.620183156084309
MEF2D_MADS_1,10.201485442415674
SRF_MADS_1,9.86491644035624
Foxj3.mouse_forkhead_2,9.106566662308403
IRF7_IRF_1,9.80305802861615
MEIS3_MEIS_2,9.19577311892003
IRF8_IRF_1,9.968877832549666
FOXI1_forkhead_2,10.16671311435968
IRF8_IRF_2,10.471570975797107
FOXG1_forkhead_1,10.096638378179676
Meis2.mouse_MEIS_2,8.942823668310375
MYBL1_MYB_3,9.083908270089587
Meis3.mouse_MEIS_2,9.49780514366401
PAX4_PAX_1,8.7806819436722
PAX4_PAX_2,8.825441459087848
PKNOX1_MEIS_1,10.332115046856075
PKNOX2_MEIS_1,10.134650165984212
MYBL2_MYB_3,9.028602398257547
Pknox2.mouse_MEIS_1,11.085386361142312
TGIF1_MEIS_1,10.728304948434129
TGIF2LX_MEIS_1,9.801385553002277
IRF9_IRF_1,10.349329434461595
MEIS2_MEIS_1,10.72458481932344
MAFG_bZIP_1,9.222174981453435
TGIF2_MEIS_1,9.605178375816848
MYBL1_MYB_1,8.947508420111411
MYBL1_MYB_2,9.73414232975017
MAFK_bZIP_2,8.82914971217108
Foxg1.mouse_forkhead_1,10.623189741381594
PAX3_PAX_1,9.713098692957402
PAX7_PAX_1,9.361628168103664
PAX7_PAX_2,10.027584332491088
SRF_MADS_2,10.012716234056015
NFKB1_NFAT_1,10.301348334791982
NRF1_NRF_1,10.035385324223355
IRF7_IRF_2,9.7386653760243
POU2F3_POU_1,8.922465499475663
NFKB2_NFAT_1,10.074755310444758
MYBL2_MYB_1,9.431755494129845
NFAT5_NFAT_1,10.471302002542558
NFATC1_NFAT_3,10.217033837418043
POU3F4_POU_1,9.640367513950324
POU5F1P1_POU_1,8.921048464091776
POU2F2_POU_1,8.855081509206599
MYBL2_MYB_4,9.549824771568083
NFATC1_NFAT_2,10.029181714174513
POU6F2_POU_1,9.248015811611012
POU2F1_POU_1,9.113587124446546
POU3F4_POU_2,8.798832307573655
NFIA_NFI_1,10.457306982054291
NFIB_NFI_1,10.354643046836799
NFIX_NFI_1,9.758210044287353
Pou2f2.mouse_POU_2,9.9618767719206
MYBL2_MYB_2,9.705769054558075
POU2F3_POU_2,8.512509109850171
POU3F1_POU_1,9.063588840688062
POU3F1_POU_2,8.543601506936625
POU6F2_POU_3,9.594184405699863
POU3F2_POU_2,9.29764415493635
POU3F3_POU_2,8.65229529254868
POU3F3_POU_3,8.187595404968107
POU5F1P1_POU_2,8.931381689843647
MYBL1_MYB_4,9.161595773441519
POU3F2_POU_1,8.63901841187132
POU3F3_POU_1,9.120665837794213
POU2F1_POU_2,8.750699805878263
POU1F1_POU_2,9.310165793979643
POU2F2_POU_2,8.350285688022645
GMEB2_SAND_1,8.598481014225527
PROX1_PROX_1,9.774441981925762
RUNX2_RUNX_3,9.472496701240509
POU4F1_POU_1,9.046935076843823
PAX1_PAX_1,10.144843477446784
MGA_TBX_1,9.167639869524386
RUNX3_RUNX_2,9.532430648656842
TBX15_TBX_2,9.950229370748218
RUNX3_RUNX_4,9.372667232713866
TBX1_TBX_3,9.321257900927755
Pou2f2.mouse_POU_1,9.506104728601024
TBR1_TBX_1,9.288749175897692
PAX2_PAX_1,9.749187116357604
PAX9_PAX_1,10.30478046886202
POU1F1_POU_1,8.572371242263188
POU4F2_POU_1,9.363876087627332
PAX5_PAX_1,9.257426472960404
POU4F2_POU_2,9.8320601937927
POU4F3_POU_1,9.10872416693406
TBR1_TBX_2,9.82928353125618
NFATC1_NFAT_1,10.15316484275364
POU6F2_POU_2,9.96248145241509
RFX3_RFX_2,10.018312977642054
RFX2_RFX_2,9.95542292141981
RFX4_RFX_2,10.07035737886656
PAX6_PAX_1,9.72135149508702
EOMES_TBX_1,9.290604006894931
RFX2_RFX_1,9.99682222546592
RFX3_RFX_1,9.539824246576302
Rfx2.mouse_RFX_2,9.790856635246726
TBX4_TBX_1,9.049353249924444
TBX5_TBX_1,8.562882602999807
RFX4_RFX_1,9.49529375678911
TBX21_TBX_2,9.470280412323739
TBX20_TBX_4,9.389938944897544
GMEB2_SAND_2,10.103735949486946
RFX5_RFX_2,9.716803852300288
RFX5_RFX_1,9.757488059280107
TBX21_TBX_5,9.412698933706636
Rfx2.mouse_RFX_1,9.685976403506885
TEAD3_TEA_2,9.954353586546418
GMEB2_SAND_3,9.401056890017344
RUNX2_RUNX_1,9.099682471590093
Rfx3.mouse_RFX_1,10.098051168128023
TEAD1_TEA_1,9.009789910301386
TBX2_TBX_2,8.933572957806817
RUNX3_RUNX_1,9.251195575097341
TEAD4_TEA_1,9.13942744002901
TFAP2A_TFAP_2,9.34429351126657
TBX20_TBX_3,9.392638068041492
TFAP2A_TFAP_1,9.12479000275114
RUNX2_RUNX_2,9.45896757653712
TFAP2B_TFAP_2,9.645771801538714
TFAP2C_TFAP_2,9.266624716031515
RUNX3_RUNX_3,9.528746308656821
TBX20_TBX_1,9.821297145130316
EGR2_C2H2_1,9.537575067903163
TFAP2B_TFAP_1,9.104545459614826
TFAP2C_TFAP_1,8.967663051318397
MGA_TBX_2,10.074050165511991
MGA_TBX_3,9.663239207261057
HIC2_C2H2_1,8.793129594356955
TFAP2A_TFAP_3,10.011274678214136
TBX21_TBX_1,9.50527790504428
TFAP2B_TFAP_3,10.191717813648765
TFAP2C_TFAP_3,10.198601939582858
TBX21_TBX_4,10.25515501445281
GLI2_C2H2_2,9.418719763278823
TBX15_TBX_1,10.291807419512594
T_TBX_1,9.806548332656376
Hic1.mouse_C2H2_2,8.962424951960244
EGR1_C2H2_1,9.674286209784952
TBX1_TBX_2,10.2975395827373
EGR1_C2H2_2,10.195169859097575
EOMES_TBX_2,9.370696482967816
SNAI2_C2H2_1,9.045908569741393
GLI2_C2H2_1,9.22497863638344
TBX20_TBX_2,9.914671125820405
HINFP1_C2H2_1,9.485314892460089
TBX19_TBX_1,9.540182747511238
EGR2_C2H2_2,9.681735904524231
TBX1_TBX_1,10.094499770027483
EGR3_C2H2_1,9.915282504418855
TEAD1_TEA_2,9.643983178188535
GLIS2_C2H2_1,9.751329163896003
TBX2_TBX_1,9.61793836277765
TEAD3_TEA_1,9.599573271427943
GLIS3_C2H2_1,9.940298450778954
KLF16_C2H2_1,9.42571740597954
Egr3.mouse_C2H2_1,9.964121209694497
SP1_C2H2_1,9.50595701910133
TBX21_TBX_3,9.52196542727215
SP3_C2H2_1,8.808036374626134
TBX1_TBX_5,10.15119013186046
TBX21_TBX_6,10.116466551557536
EGR4_C2H2_1,9.116872330929922
YY1_C2H2_1,8.952609652464403
BCL6B_C2H2_1,10.144176966047468
CTCF_C2H2_1,10.151032960870708
YY2_C2H2_1,9.14621483138265
YY2_C2H2_2,8.837735609007794
GLIS1_C2H2_1,10.736833024853667
SP8_C2H2_1,9.032549179382372
SCRT2_C2H2_1,10.013967995848233
KLF14_C2H2_1,9.817181864426644
TBX4_TBX_2,9.519593344066735
TBX5_TBX_2,9.713824608635662
ZBTB7A_C2H2_1,9.285951270428072
ZBTB7B_C2H2_1,9.946025246165064
ZNF740_C2H2_2,9.333101788808968
ZNF740_C2H2_1,9.151931905653022
ZBTB7C_C2H2_1,8.937983662522747
ZNF784_C2H2_1,9.893642676102147
Zfp740.mouse_C2H2_1,8.488990580697305
PRDM1_C2H2_1,9.67644663261926
Klf12.mouse_C2H2_1,9.802206380208204
ZBED1_znf_BED_1,10.115254088690449
SCRT1_C2H2_1,10.099103329523615
GRHL1_CP2_2,9.232278205572555
TFCP2_CP2_1,9.243152709353197
ZNF524_C2H2_1,9.554418310785003
CUX1_CUT_3,9.779685516434114
ZNF75A_C2H2_1,9.543148632328517
TBX1_TBX_4,10.311175539407287
ZNF238_C2H2_1,9.889967976747599
CUX2_CUT_2,9.512143666417984
ZIC1_C2H2_1,9.982730358052066
ZNF238_C2H2_2,9.892881338783724
GRHL1_CP2_3,9.61668585788631
Zfp652.mouse_C2H2_1,10.257740694519526
Hic1.mouse_C2H2_1,10.018134479397887
ZIC3_C2H2_1,9.565195139442025
ZNF306_C2H2_1,9.992667673493571
ZIC4_C2H2_1,9.306809743659741
ZNF524_C2H2_2,9.766155832665277
SP4_C2H2_1,10.175371260203704
KLF13_C2H2_1,10.084574328840816
ZSCAN4_C2H2_1,10.187135060393885
HINFP1_C2H2_3,10.471973929568321
ZNF143_C2H2_1,10.230566841878925
Zic3.mouse_C2H2_1,9.971446095968275
ELK1_ETS_1,9.531780208328499
ELF5_ETS_1,9.53317570665726
ELK1_ETS_2,9.656748721603151
EHF_ETS_1,9.580499401339594
CENPB_CENPB_1,9.386720965421077
ELF1_ETS_1,10.172438756777936
ONECUT1_CUT_1,10.043031293230854
ELF5_ETS_2,9.218367814387406
ELK3_ETS_1,9.361510927604932
ELK4_ETS_1,9.532406821308939
ELF3_ETS_1,9.989469552455262
ELF1_ETS_2,9.44747785134983
ERF_ETS_1,9.353617789623826
HINFP1_C2H2_2,10.48600146439486
ERG_ETS_1,9.529364494577237
ONECUT2_CUT_1,9.74161036650969
ONECUT1_CUT_2,10.493529767810074
ELF4_ETS_1,9.777272573310754
ONECUT3_CUT_1,9.773129193906811
ERG_ETS_3,9.666647765525582
ZNF410_C2H2_1,10.400699511087481
ELF3_ETS_2,9.89877587858436
ETS1_ETS_1,9.674450540774473
ETS1_ETS_3,9.580599140528378
TFCP2_CP2_2,9.26899498848195
ETV1_ETS_1,9.241545527634024
E2F7_E2F_1,10.160318567536649
EBF1_EBF_1,9.79661740879807
ETV3_ETS_1,9.03979903142082
GRHL1_CP2_1,9.409937436381469
ETV2_ETS_1,10.107815030696202
ETV4_ETS_1,9.284753509195632
ETV5_ETS_1,9.08039435371321
CUX1_CUT_1,9.518204668756006
GATA3_GATA_1,8.522247961562428
GATA3_GATA_2,8.236421409576145
ETV6_ETS_2,9.693886001476343
Elk3.mouse_ETS_1,9.756277320075668
FEV_ETS_1,9.488700735898568
FLI1_ETS_1,9.541529427053348
GATA4_GATA_1,8.556671046941666
GATA5_GATA_1,8.701633575224044
FLI1_ETS_3,9.890176046312291
GABPA_ETS_1,9.616518679433028
ERG_ETS_2,10.145425160327463
Elf5.mouse_ETS_1,9.18564992768124
CUX1_CUT_2,9.50187232277505
ERG_ETS_4,10.14969320425159
SPDEF_ETS_1,9.643499892350135
CUX2_CUT_1,9.852467801736353
SOX9_HMG_1,9.19851814239886
SPDEF_ETS_4,9.866034175995054
Arnt_MA0004.1,9.139850461912769
GCM1_GCM_1,9.399232515828672
Ahr+Arnt_MA0006.1,8.508452474986672
GCM2_GCM_1,9.158149435873213
GCM1_GCM_3,9.50407057808357
E2F2_E2F_1,9.9469324417407
E2F3_E2F_2,10.258829239497999
E2F2_E2F_2,9.845792739904496
HSFY2_HSF_2,9.225157118266928
E2F3_E2F_1,10.31154135092936
E2F3_E2F_3,10.284350385149082
MZF1_MA0056.1,8.752465092883437
ELK1_ETS_3,10.120954155527514
FOXD1_MA0031.1,8.403639865801061
TCF7L1_HMG_1,9.437954436881718
FLI1_ETS_2,10.173957949600833
FLI1_ETS_4,10.256180219972904
ETV6_ETS_1,9.889639240172528
SPIB_ETS_1,9.824867054098334
Tcf7.mouse_HMG_1,9.67996324588485
SPI1_ETS_1,10.270993400345574
SPIC_ETS_1,9.132034439382622
Spic.mouse_ETS_1,9.838019684501134
Nkx2-5_MA0063.1,7.8891608281939085
HOMEZ_HOMEZ_1,9.09752456879611
IRF5_IRF_2,9.493742376685233
Gfi1_MA0038.1,8.86850669910556
Pax2_MA0067.1,7.690888120257327
SPDEF_ETS_2,9.792485127572405
SPDEF_ETS_5,9.994880716180774
MZF1_MA0057.1,8.00422425446736
NFIL3_MA0025.1,9.07059739509176
MAFG+NFE2L1_MA0089.1,8.740427867826106
SPIB_MA0081.1,9.27642605666722
Foxq1_MA0040.1,8.724067708781156
HSF1_HSF_2,10.05349162431132
HSF1_HSF_1,9.028544255074074
HSF2_HSF_1,9.733533993718652
Ddit3+Cebpa_MA0019.1,8.758197200359142
HSF4_HSF_1,9.312024020162319
Sox5_MA0087.1,7.750318241109348
ETS1_ETS_2,9.954547800014936
SPDEF_ETS_3,9.892908634791155
SPDEF_ETS_6,9.82108570120468
MAX+MYC_MA0059.1,8.72594513367136
SOX9_MA0077.1,8.449132862976317
ETS1_ETS_4,10.270494964397614
RORA_MA0071.1,8.69214610303263
LEF1_HMG_1,9.762423705822869
ZNF354C_MA0130.1,8.39540792541461
Foxd3_MA0041.1,8.983337411307843
Sox17_MA0078.1,8.839910115555142
SRY_MA0084.1,8.449138354483765
Arid3a_MA0151.1,9.579117147710964
IRF5_IRF_1,9.249897013170283
GCM1_GCM_2,9.554914543132625
Nobox_MA0125.1,8.366273395464603
Hand1+Tcf3_MA0092.1,8.487562464297191
REL_MA0101.1,8.175726713459909
NFATC2_MA0152.1,8.457947226204062
RELA_MA0107.1,8.940234863308063
HSFY2_HSF_1,8.749963827780142
HLTF_MA0109.1,7.946115117671457
PBX1_MA0070.1,8.834127570581941
FOXF2_MA0030.1,8.960800984201796
Mecom_MA0029.1,9.162658832481128
Nr2e3_MA0164.1,7.317115931228081
HSFY2_HSF_3,8.522319109941527
IRF4_IRF_1,10.33753431009518
HOXA5_MA0158.1,7.517178273492245
NR4A2_MA0160.1,7.9088662876568385
ARNT+HIF1A_MA0259.1,9.386583355374363
Spz1_MA0111.1,8.129348725858936
TAL1+TCF3_MA0091.1,9.151148735415681
Pax6_MA0069.1,8.814867843477373
RORA_MA0072.1,9.631109007832293
Gabpa_MA0062.2,9.93998574413341
RUNX1_MA0002.2,8.971325167883812
Sox6_MA0515.1,10.222718350449007
Stat5a+Stat5b_MA0519.1,10.181801435565717
Foxa2_MA0047.2,9.659243035690281
Sox3_MA0514.1,10.273598191999625
Lhx3_MA0135.1,8.929491396248828
INSM1_MA0155.1,8.945799712117825
RXRA+VDR_MA0074.1,8.769954992153139
NFIC+TLX1_MA0119.1,9.10714976302571
NRF1_MA0506.1,9.912646273702393
Nkx2-5_MA0503.1,10.06229025011676
TBP_MA0108.2,8.885255424725436
Myog_MA0500.1,11.112120667163808
Klf1_MA0493.1,9.838288573348947
Znf423_MA0116.1,9.538732303349448
JUND_MA0491.1,11.045545668352617
JUNB_MA0490.1,10.897739764303665
IRF2_MA0051.1,8.963246977314874
PLAG1_MA0163.1,9.037174127795993
Zfx_MA0146.2,9.892183709484065
Stat4_MA0518.1,10.15867494153808
SMAD2+SMAD3+SMAD4_MA0513.1,9.553382809684408
Pou5f1+Sox2_MA0142.1,9.152981305290517
Pparg+Rxra_MA0065.2,8.805676280005066
POU2F2_MA0507.1,10.315613946548027
Myod1_MA0499.1,10.979237813251231
Gfi1b_MA0483.1,10.003842434744897
STAT1+STAT2_MA0517.1,9.653646938042883
Rfx1_MA0509.1,9.601634314975044
Gata4_MA0482.1,10.48598250021817
SP2_MA0516.1,9.833724095890474
Foxo1_MA0480.1,10.246148779863532
NR1H2+RXRA_MA0115.1,9.525075890017241
FOXH1_MA0479.1,10.54991056150962
FOSL2_MA0478.1,10.254083802837386
FOS_MA0476.1,10.762583904893532
FOSL1_MA0477.1,10.697145837240754
JUN_MA0488.1,10.482280750019981
E2F6_MA0471.1,10.634986524688557
IRF3_IRF_1,9.993860481846923
Hoxc9_MA0485.1,9.586303307835422
NFYB_MA0502.1,10.30584839702233
Nr5a2_MA0505.1,9.723058292996328
NR2C2_MA0504.1,9.535525543528024
MAF+NFE2_MA0501.1,9.80515971354636
MEF2C_MA0497.1,9.51133120137466
JUN_MA0489.1,10.44341241058855
E2F4_MA0470.1,10.201153214183833
DUX4_MA0468.1,10.618798827869085
Crx_MA0467.1,9.762512373429658
Sox2_MA0143.3,12.544443285691187
RARA+RXRA_MA0159.1,8.88371563110703
CDX2_MA0465.1,10.92521408648679
JUND_MA0492.1,10.505332617088499
PPARG_MA0066.1,9.184397159595349
BATF+JUN_MA0462.1,10.215288786630225
RREB1_MA0073.1,8.94026716509557
EWSR1-FLI1_MA0149.1,9.877884167368052
Tcf12_MA0521.1,10.96449061865006
CEBPA_MA0102.3,10.261976539715448
ELK4_MA0076.2,10.230835994781714
HNF4G_MA0484.1,9.337635657658922
Gata1_MA0035.3,10.409468719197363
Atf1_MA0604.1,9.220384235998111
CTCF_MA0139.1,9.501631954487507
Atf3_MA0605.1,9.545658297520802
Bhlha15_MA0607.1,10.428064662168836
THAP1_MA0597.1,7.874160403060145
Dux_MA0611.1,11.543205656830224
FOXG1_MA0613.1,11.983823282904588
Foxj2_MA0614.1,9.59618516453336
SP1_MA0079.3,10.326042181764421
STAT1_MA0137.3,10.179602399448086
SREBF1_MA0595.1,9.119989046436643
Creb3l2_MA0608.1,10.532394901575302
STAT3_MA0144.2,9.857305425273864
Bcl6_MA0463.1,9.3976682719749
USF1_MA0093.2,10.001032671419367
SREBF2_MA0596.1,9.082328034617731
KLF5_MA0599.1,10.339097216745174
Arntl_MA0603.1,9.159789906702308
Id2_MA0617.1,10.957948469148945
LBX1_MA0618.1,9.344807349030603
FOXP2_MA0593.1,10.647130907687043
NFAT5_MA0606.1,9.173634921803114
Hoxa9_MA0594.1,9.382321841189366
Crem_MA0609.1,10.321147064042812
TCF7L2_MA0523.1,9.791374606433408
EMX1_MA0612.1,8.486216897636194
Arid3b_MA0601.1,9.188594584775842
Mlxip_MA0622.1,11.661312405409127
YY1_MA0095.2,10.018204433231574
Hes1_MA1099.1,7.443218321274635
LIN54_MA0619.1,10.27491084202697
DMRT3_MA0610.1,9.621339825904208
Stat6_MA0520.1,10.048350436311111
Nr1h3+Rxra_MA0494.1,9.190134985214968
SHOX_MA0630.1,8.337508326676073
ZBTB33_MA0527.1,9.515090234505486
REST_MA0138.2,9.664900113343379
FOXA1_MA0148.3,10.245978435257669
ESR2_MA0258.2,9.272493550251255
Neurog1_MA0623.1,8.01371761781511
NFATC1_MA0624.1,8.711336388403936
NFATC3_MA0625.1,8.804343277572855
Npas2_MA0626.1,9.987700467470141
FOXI1_MA0042.2,10.063274847175066
mix-a_MA0621.1,10.364671961796915
Nfe2l2_MA0150.2,9.576441936992119
EN1_MA0027.2,9.50256990193924
POU6F1_MA0628.1,8.372402598193034
FOXL1_MA0033.2,9.458920474836503
Tcfl5_MA0632.1,8.202107765249089
Twist2_MA0633.1,9.991274351585183
ALX3_MA0634.1,8.180721625451053
Arid5a_MA0602.1,8.698032799941537
FOXO3_MA0157.2,9.660710352485317
BARHL2_MA0635.1,8.756100062905546
BHLHE41_MA0636.1,10.000718430906474
Bach1+Mafk_MA0591.1,9.561009554296774
Hes2_MA0616.1,8.383382194530384
EN2_MA0642.1,8.800128156645847
Esrrg_MA0643.1,9.695988034892068
ESX1_MA0644.1,8.198877855723502
FLI1_MA0475.2,9.871894063387856
ETV6_MA0645.1,9.716752596765431
ELF5_MA0136.2,9.219329336898063
ISX_MA0654.1,10.647032701909922
DBP_MA0639.1,10.230203224208296
GSC_MA0648.1,9.029265007219877
EHF_MA0598.2,9.597197971152156
HEY2_MA0649.1,9.500470401854272
ELF4_MA0641.1,9.784641406257506
JDP2_MA0655.1,9.361977475645233
GCM1_MA0646.1,9.498257592021332
HOXA13_MA0650.1,9.265959589725668
MSX1_MA0666.1,9.035267448673665
ELF3_MA0640.1,9.89033542364868
LHX6_MA0658.1,9.349805552413002
GRHL1_MA0647.1,9.614925442845745
HOXC11_MA0651.1,9.517355954416374
MEOX1_MA0661.1,8.939346192535496
HINFP_MA0131.2,9.511532923285067
CREB3_MA0638.1,9.580749016967069
MIXL1_MA0662.1,8.105647677560668
MLX_MA0663.1,9.645880345518826
MLXIPL_MA0664.1,9.797620037487341
MSC_MA0665.1,9.343870539493665
EBF1_MA0154.3,9.785183773647603
GATA1+TAL1_MA0140.2,10.070447981356395
NFIX_MA0671.1,8.644888793595321
HLF_MA0043.2,9.539425267048998
MYF6_MA0667.1,9.620224231218359
NKX6-1_MA0674.1,9.074920370115066
NKX6-2_MA0675.1,8.310935387153442
NEUROD2_MA0668.1,9.236417310106319
Gmeb1_MA0615.1,8.522481133596628
NEUROG2_MA0669.1,9.40278346927468
NKX2-8_MA0673.1,8.90664213673152
NFIA_MA0670.1,11.486290969370003
NHLH1_MA0048.2,9.832551956812964
JDP2_MA0656.1,10.344246062780542
PAX4_MA0068.2,8.845975966474548
CENPB_MA0637.1,9.389415523586038
Nr2e1_MA0676.1,9.370581641761163
NKX2-3_MA0672.1,9.658424403111823
HNF1B_MA0153.2,9.389263466786616
Pou2f3_MA0627.1,9.368918200354912
MEF2B_MA0660.1,10.349347429705276
Pitx1_MA0682.1,8.495748039217233
HSF1_MA0486.2,10.04873725265891
Prrx2_MA0075.2,7.703487621539114
OLIG2_MA0678.1,9.517190541236971
PAX7_MA0680.1,10.016255821935545
IRF8_MA0652.1,10.492878812944411
Rhox11_MA0629.1,9.006835413322335
ZNF263_MA0528.1,9.28380241142483
Six3_MA0631.1,9.230564405495748
Ar_MA0007.3,9.991538486438813
HNF1A_MA0046.2,9.414840489319303
RUNX3_MA0684.1,9.381247185733883
IRF1_MA0050.2,9.770660994326008
LHX9_MA0701.1,8.57996618381329
LMX1A_MA0702.1,8.515613882018744
Phox2b_MA0681.1,9.342384834612744
LMX1B_MA0703.1,8.148780561618086
Lhx4_MA0704.1,8.597267158834804
Lhx8_MA0705.1,9.03721923619949
IRF9_MA0653.1,10.374554462422026
MSX2_MA0708.1,9.601434054813986
Msx3_MA0709.1,9.983780587228836
TBX21_MA0690.1,9.419365723721683
TEAD1_MA0090.2,9.004671409887784
TFAP4_MA0691.1,10.141725390876061
TFCP2_MA0145.3,9.222092890165143
TFEB_MA0692.1,9.266377461770148
SPDEF_MA0686.1,9.869670520454363
TBX2_MA0688.1,8.932344672140808
LHX2_MA0700.1,9.272787382670131
LBX2_MA0699.1,8.129694529720215
TBX20_MA0689.1,9.35894877984368
OTX1_MA0711.1,9.43277699171226
NKX3-2_MA0122.2,9.042757007577194
MEOX2_MA0706.1,8.299637510238476
OTX2_MA0712.1,9.367196196296597
MNX1_MA0707.1,8.777839878210536
PDX1_MA0132.2,9.83280255853687
Nr2f6_MA0677.1,9.405367421051743
Nkx3-1_MA0124.2,9.301602236449696
PRRX1_MA0716.1,9.064007453955995
NOTO_MA0710.1,9.251370296281351
RHOXF1_MA0719.1,8.818048079991101
RAX2_MA0717.1,7.820301730427481
ONECUT1_MA0679.1,10.49439043363303
Shox2_MA0720.1,9.574233041477697
UNCX_MA0721.1,7.9153903307181075
VAX1_MA0722.1,7.987900171286242
ZBTB7B_MA0694.1,9.938422653722853
ZBTB7C_MA0695.1,8.943717228433648
VAX2_MA0723.1,8.249263681453208
VSX1_MA0725.1,8.351924485715209
PITX3_MA0714.1,8.602087573859542
VSX2_MA0726.1,8.562865969396295
VENTX_MA0724.1,9.711936726284861
Rxra_MA0512.2,10.075557450476495
RAX_MA0718.1,9.440970554067441
ZBTB18_MA0698.1,9.906885453485543
SPI1_MA0080.4,10.261193242141573
SPIC_MA0687.1,9.155687308838168
PHOX2A_MA0713.1,9.146168055162349
KLF13_MA0657.1,10.097307276827863
PROP1_MA0715.1,9.528908671731138
ZIC1_MA0696.1,9.988064119351677
ESRRB_MA0141.3,9.826857945279556
Esrra_MA0592.2,10.203653893905496
HIC2_MA0738.1,8.79525074062093
Hic1_MA0739.1,8.9667815141949
POU4F2_MA0683.1,9.831443960759174
SNAI2_MA0745.1,9.047665457288758
ZIC3_MA0697.1,9.596254023463189
EGR2_MA0472.2,9.534773711574061
SRF_MA0083.3,10.000027582600637
T_MA0009.2,9.816095513190888
KLF16_MA0741.1,9.424134541444232
SP3_MA0746.1,8.81090064301953
GLI2_MA0734.1,9.415057320899287
NR2F1_MA0017.2,10.312746666479796
YY2_MA0748.1,9.128614023294936
SP4_MA0685.1,10.177490771783269
ZNF740_MA0753.1,9.14361092206937
CUX1_MA0754.1,9.78042723429396
CUX2_MA0755.1,9.511898497267694
SP8_MA0747.1,8.993704114590784
ELK3_MA0759.1,9.35742198454043
GATA5_MA0766.1,8.694215881944366
ERF_MA0760.1,9.37479089917067
SCRT2_MA0744.1,9.99861696615821
ERG_MA0474.2,9.532496503633709
MAFG_MA0659.1,9.221389989041626
ETS1_MA0098.3,9.718960013282242
ZBED1_MA0749.1,10.141686217348422
ETV1_MA0761.1,9.241011930090785
MEIS1_MA0498.2,9.283619664771152
ETV3_MA0763.1,9.048802374936848
GLIS2_MA0736.1,9.77438766504622
GLIS3_MA0737.1,10.022186593249728
ETV4_MA0764.1,9.272771801635002
Nr2f6_MA0728.1,10.078889940199943
KLF14_MA0740.1,9.831586556215797
ETV5_MA0765.1,9.062642459421355
ELF1_MA0473.2,10.206442890539194
FEV_MA0156.2,9.479564515161336
EGR3_MA0732.1,9.902494857472576
ETV2_MA0762.1,10.172115781007477
Hnf4a_MA0114.3,10.212140721866376
MEIS2_MA0774.1,9.311317757701836
GCM2_MA0767.1,9.161970195579123
MEIS3_MA0775.1,9.210181094308112
Klf12_MA0742.1,9.851779489455922
SCRT1_MA0743.1,10.101021384731055
ONECUT2_MA0756.1,9.74007982908283
ONECUT3_MA0757.1,9.767188760167897
ZIC4_MA0751.1,9.314412508061054
EGR4_MA0733.1,9.10962153336824
ESR1_MA0112.3,10.126103578406358
GLIS1_MA0735.1,10.740430448122027
E2F7_MA0758.1,10.268743824748626
NR3C1_MA0113.3,10.185875506075206
NR3C2_MA0727.1,10.360990343993507
RARA_MA0730.1,9.949345495239086
BCL6B_MA0731.1,10.200408145424973
ZNF143_MA0088.2,10.241484737816194
Tcf7_MA0769.1,9.652826684846033
POU3F4_MA0789.1,9.634147782210668
MEF2A_MA0052.3,9.970020937179385
PAX3_MA0780.1,9.716512746934214
MEF2D_MA0773.1,10.154749493168865
POU5F1B_MA0792.1,8.94091385805131
RARA_MA0729.1,10.287904873971286
HSF2_MA0770.1,9.72025739229683
HSF4_MA0771.1,9.32095969568659
MGA_MA0801.1,9.16796429003945
TBX15_MA0803.1,9.936467002705598
POU6F2_MA0793.1,9.252528655453332
MYBL1_MA0776.1,9.730696318843314
SMAD3_MA0795.1,9.647131182859766
ZNF410_MA0752.1,10.438408259582417
RUNX2_MA0511.2,9.447111171940023
TBX1_MA0805.1,9.333811743539108
TBX4_MA0806.1,9.047010905066912
TBX5_MA0807.1,8.57440093749576
PKNOX1_MA0782.1,10.321490410047687
IRF7_MA0772.1,9.79151138558737
PKNOX2_MA0783.1,10.138187787778534
TEAD3_MA0808.1,9.940075564786113
POU2F1_MA0785.1,9.13119932892485
POU3F1_MA0786.1,9.064031530139772
POU3F2_MA0787.1,9.286572450078395
TBR1_MA0802.1,9.299476136456555
NFKB1_MA0105.4,10.31145405511272
NFKB2_MA0778.1,10.065163264834936
PROX1_MA0794.1,9.764854704467439
LEF1_MA0768.1,9.775858658903843
POU3F3_MA0788.1,9.116087747117867
TGIF1_MA0796.1,10.741978224672053
E2F3_MA0469.2,10.217107074897598
TEAD4_MA0809.1,9.133920968319522
TGIF2_MA0797.1,9.618699105363234
POU1F1_MA0784.1,9.315521010818408
POU4F1_MA0790.1,9.042879071083604
Ascl2_MA0816.1,9.489940988397912
TFAP2A_MA0003.3,9.344891241731943
TFAP2B_MA0812.1,9.618242267410395
MYBL2_MA0777.1,9.550334376981994
Atoh1_MA0461.2,9.268686794201976
BHLHE40_MA0464.2,9.590938957918333
EOMES_MA0800.1,9.278288636010089
BHLHE22_MA0818.1,9.57374627534729
CLOCK_MA0819.1,9.188267533669759
TFAP2C_MA0814.1,9.243289381734563
FIGLA_MA0820.1,9.386162328984717
TFAP2A_MA0810.1,9.126628371211154
HEY1_MA0823.1,9.90637842032018
ID4_MA0824.1,9.310392534973289
TFAP2B_MA0811.1,9.104196750499511
MAX_MA0058.3,10.246285308752753
TFAP2C_MA0524.2,8.974145639199023
MNT_MA0825.1,9.915741173266248
OLIG1_MA0826.1,9.853561714012088
OLIG3_MA0827.1,9.182175465353453
SREBF2_MA0828.1,9.670251883282418
Srebf1_MA0829.1,9.740065615387252
TCF3_MA0522.2,9.802223023600277
TCF4_MA0830.1,9.85151873912136
BHLHE23_MA0817.1,9.935017726288166
TFAP2B_MA0813.1,10.187844494236714
POU4F3_MA0791.1,9.102298906637195
HES5_MA0821.1,10.037673169985524
FOXO4_MA0848.1,9.026221415846642
FOXD2_MA0847.1,8.727124930565068
FOXO6_MA0849.1,10.717127871557267
HES7_MA0822.1,10.196198329734159
CEBPB_MA0466.2,9.482342038986815
PAX1_MA0779.1,10.124758474930616
TFAP2C_MA0815.1,10.205000360802686
FOXP3_MA0850.1,8.772846044749656
CEBPD_MA0836.1,9.571505846755443
CEBPE_MA0837.1,9.387147975303257
RFX2_MA0600.2,10.004243018623328
PAX9_MA0781.1,10.304686348241859
CEBPG_MA0838.1,9.965178807024301
RFX3_MA0798.1,9.534931973875715
RFX4_MA0799.1,9.486843770362213
RFX5_MA0510.2,9.74076959277113
GMEB2_MA0862.1,8.92978838691397
ATF4_MA0833.1,9.78177013839965
NFE2_MA0841.1,11.347930860874072
NRL_MA0842.1,8.434457362687994
FOXB1_MA0845.1,9.149494882410472
Creb5_MA0840.1,10.227728983477576
FOXC1_MA0032.2,9.37578978365103
BARX1_MA0875.1,9.317325188081824
BSX_MA0876.1,9.16948907244825
Mafb_MA0117.2,9.193734937808358
Tcf21_MA0832.1,9.797875357719406
TEF_MA0843.1,9.759257936494706
ATF7_MA0834.1,9.91025442955106
BATF3_MA0835.1,10.154098239807709
FOXC2_MA0846.1,9.217723567795659
Dlx3_MA0880.1,7.620681919216739
CDX1_MA0878.1,8.818228479581144
TFEC_MA0871.1,9.035312360047499
ELK1_MA0028.2,9.767805990527776
CREB3L1_MA0839.1,9.699510431816023
Dlx4_MA0881.1,7.872423773814386
Barhl1_MA0877.1,8.095427228136586
DLX6_MA0882.1,9.536624679882792
Dlx1_MA0879.1,8.519852275838893
Dlx2_MA0885.1,10.117216521603396
HOXD12_MA0873.1,9.979001881858807
E2F1_MA0024.3,9.48784550000228
XBP1_MA0844.1,9.677526250491297
E2F8_MA0865.1,9.642955921126557
RXRB_MA0855.1,10.259307531289977
RXRG_MA0856.1,10.33876699710541
EMX2_MA0886.1,9.524865543550746
EVX1_MA0887.1,8.606984277069792
EVX2_MA0888.1,8.699544008403265
GBX1_MA0889.1,10.01485258169103
TFAP2A_MA0872.1,10.001154476859426
GBX2_MA0890.1,9.93377749461147
GSC2_MA0891.1,8.325361026697408
GSX1_MA0892.1,7.9530523066474
GSX2_MA0893.1,7.977428770987782
MTF1_MA0863.1,9.394815039924872
HESX1_MA0894.1,10.168214525719115
HMBOX1_MA0895.1,8.914572449925998
TBX19_MA0804.1,9.528727846922934
HOXB13_MA0901.1,9.371968121273724
HOXA2_MA0900.1,8.692084491029426
HOXB2_MA0902.1,8.53190283336216
HOXB3_MA0903.1,8.78623342872794
Rarb_MA0857.1,10.26840829028879
Rarg_MA0859.1,10.374289266807125
SOX21_MA0866.1,10.245228361067916
HOXA10_MA0899.1,8.683629328199245
HOXC10_MA0905.1,9.357225867950035
Sox11_MA0869.1,9.901845749069949
DUXA_MA0884.1,9.286677172273983
Sox1_MA0870.1,10.236543774301822
ISL2_MA0914.1,8.286984606322878
HOXD11_MA0908.1,9.693131314661173
HOXD13_MA0909.1,9.65124022314977
Foxj3_MA0851.1,9.232737949058617
HOXC12_MA0906.1,9.900998440049591
Alx1_MA0854.1,9.222764019029192
Alx4_MA0853.1,9.159020861164734
HOXC13_MA0907.1,9.69398523944011
E2F2_MA0864.1,9.5238392921501
SOX4_MA0867.1,9.990012998998651
Rarg_MA0860.1,10.448317824411674
SOX8_MA0868.1,10.240513109337797
Rarb_MA0858.1,10.148259690175024
Hoxd9_MA0913.1,8.590647873238346
Arx_MA0874.1,9.284446800686275
TP63_MA0525.2,10.27918908104391
TP53_MA0106.3,9.83987888811285
TP73_MA0861.1,9.852995607082192
HIF1A_MA1106.1,9.21132988134228
Hoxa11_MA0911.1,9.16385606378855
FOXK2_MA1103.1,8.929046500695101
GATA2_MA0036.3,9.285437578367024
CREB1_MA0018.3,9.228293694019193
MYB_MA0100.3,10.706536525674231
KLF4_MA0039.3,9.033465724464214
FOXP1_MA0481.2,8.983187433887373
ASCL1_MA1100.1,9.235721887408104
Dmbx1_MA0883.1,9.26227340133552
NFIC_MA0161.2,8.594223975931648
NR4A1_MA1112.1,9.502104333810138
NFYA_MA0060.3,9.141955518409617
PRDM1_MA0508.2,10.589024564127918
RBPJ_MA1116.1,10.786250559744275
NR2F2_MA1111.1,8.935278610305119
GATA6_MA1104.1,9.088427475822506
NR1H4_MA1110.1,8.786643984778657
MYC_MA0147.3,8.99515874349433
MYCN_MA0104.4,9.24457887297281
BACH2_MA1101.1,9.256930133919283
POU5F1_MA1115.1,8.91502056777136
RELB_MA1117.1,8.689324782720092
CTCFL_MA1102.1,9.256490323580863
SIX1_MA1118.1,8.99562894331433
KLF9_MA1107.1,9.215312905993265
FOXK1_MA0852.2,8.939228295297049
Hoxb5_MA0904.1,9.066519387825117
Hmx1_MA0896.1,9.115075769045816
SOX10_MA0442.2,10.094332816251097
Hmx3_MA0898.1,9.070230229904155
PAX5_MA0014.3,8.812287883889198
PBX2_MA1113.1,8.951951920338807
MXI1_MA1108.1,9.03841452392092
GATA3_MA0037.3,9.366963511801139
Hmx2_MA0897.1,9.145869521455154
NEUROD1_MA1109.1,9.160077710829064
SOX13_MA1120.1,9.219031482396321
TFDP1_MA1122.1,8.913273841067394
GRHL2_MA1105.1,8.948399448723649
Hoxd3_MA0912.1,9.010096196807602
ZEB1_MA0103.3,10.021984216740513
FOS+JUN_MA0099.3,9.531063265318018
Hoxd8_MA0910.1,8.846219004413697
FOSL1+JUN_MA1129.1,8.599716598411
JUN+JUNB_MA1132.1,8.670464394935912
TFE3_MA0831.2,9.375299973154597
TEAD2_MA1121.1,8.833327657071962
ZNF384_MA1125.1,10.468571031768207
TWIST1_MA1123.1,8.97025313814634
FOSB+JUNB_MA1135.1,9.961816372409757
FOSB+JUN_MA1127.1,9.065380292168534
FOSB+JUNB_MA1136.1,8.758318307543547
ZBTB7A_MA0750.2,8.940490764088892
FOSL2+JUNB_MA1138.1,10.156481953900801
ZNF24_MA1124.1,9.36624418232082
JUNB_MA1140.1,8.432249910998504
FOSL2+JUN_MA1131.1,9.247902571318008
FOSL1+JUND_MA1142.1,8.144196499587785
VDR_MA0693.2,8.017060813893348
FOSL1+JUND_MA1143.1,8.003214621074687
Smad4_MA1153.1,10.593952197899043
FOSL2+JUND_MA1144.1,10.00561732997842
SOX15_MA1152.1,9.290264555435812
FOSL2+JUN_MA1130.1,9.731378056736041
JUN+JUNB_MA1133.1,8.649056574002579
FOS+JUNB_MA1134.1,9.851577046079356
SIX2_MA1119.1,8.968432298001964
RORB_MA1150.1,8.565211377209536
FOSL1+JUN_MA1128.1,9.478696786385214
FOSL2+JUNB_MA1139.1,9.267387807470804
ARNT_MOUSE.H11MO.0.B,9.701744834304733
AHR_MOUSE.H11MO.0.B,9.475802153618702
RORC_MA1151.1,8.790927545047154
FOSL1+JUNB_MA1137.1,8.517405318774916
PBX3_MA1114.1,8.924901716604758
FOS+JUND_MA1141.1,9.846072547791394
MITF_MA0620.2,9.490357125190208
ZSCAN4_MA1155.1,10.231834170929659
ASCL2_MOUSE.H11MO.0.C,9.29412403875181
ATF3_MOUSE.H11MO.0.A,9.144780616512385
ATOH1_MOUSE.H11MO.0.B,9.833582678869547
USF2_MA0526.2,9.51417829679891
AP2B_MOUSE.H11MO.0.B,8.419011820481877
ATF1_MOUSE.H11MO.0.B,8.855623696305145
MAFK_MA0496.2,9.128664055498142
CDX1_MOUSE.H11MO.0.C,7.775823218173592
TCF7L1_MA1421.1,9.430589766367824
BHE40_MOUSE.H11MO.0.A,9.06446344636229
BMAL1_MOUSE.H11MO.0.A,9.184249306915476
ATF2_MOUSE.H11MO.0.A,8.808924301075237
BACH2_MOUSE.H11MO.0.A,9.041014857278121
ALX1_MOUSE.H11MO.0.B,8.534230057848632
FOS+JUN_MA1126.1,8.548224499877797
AP2A_MOUSE.H11MO.0.A,9.645043043179278
FOSL2+JUND_MA1145.1,9.193357099332886
ZNF282_MA1154.1,9.7802689489601
NR1A4+RXRA_MA1146.1,8.890449220603081
EGR1_MA0162.3,10.19804371858622
NR4A2+RXRA_MA1147.1,9.201990960416992
ATF4_MOUSE.H11MO.0.A,9.718310758541364
BARX1_MOUSE.H11MO.0.C,8.230782331242736
BHA15_MOUSE.H11MO.0.A,9.272439485429068
COT1_MOUSE.H11MO.0.B,8.665179669608769
IRF5_MA1420.1,9.247050220102324
AP2C_MOUSE.H11MO.0.A,9.692817605652138
ARI5B_MOUSE.H11MO.0.C,7.912150217842463
IRF4_MA1419.1,10.36922443367321
MAFF_MA0495.2,9.058631065899469
CEBPA_MOUSE.H11MO.0.A,9.846445582190071
CEBPB_MOUSE.H11MO.0.A,9.867189774186123
CEBPD_MOUSE.H11MO.0.B,8.63213727575772
ASCL1_MOUSE.H11MO.0.A,10.080533430774025
BCL6_MOUSE.H11MO.0.A,8.674101584848536
BACH1_MOUSE.H11MO.0.C,8.637853722328607
CDX2_MOUSE.H11MO.0.A,9.027524542955412
CREB1_MOUSE.H11MO.0.A,8.969995725859931
CREM_MOUSE.H11MO.0.C,8.807260034034691
CEBPE_MOUSE.H11MO.0.A,9.138910658393115
CEBPG_MOUSE.H11MO.0.B,9.597704400304487
DDIT3_MOUSE.H11MO.0.C,9.203720088612314
DLX3_MOUSE.H11MO.0.C,8.823091708869647
E2F2_MOUSE.H11MO.0.B,8.020149375787422
E2F3_MOUSE.H11MO.0.A,9.135060734123392
E2F5_MOUSE.H11MO.0.B,8.799421097207702
RARA+RXRG_MA1149.1,9.10606763425001
CUX2_MOUSE.H11MO.0.C,8.259372103772531
DBP_MOUSE.H11MO.0.B,8.194806068011559
PPARA+RXRA_MA1148.1,8.803705312918325
ANDR_MOUSE.H11MO.0.A,9.342605158422558
COE1_MOUSE.H11MO.0.A,9.468234661009063
DLX5_MOUSE.H11MO.0.C,8.331016024956782
COT2_MOUSE.H11MO.0.A,8.885622101222133
CRX_MOUSE.H11MO.0.A,8.876331781581932
EPAS1_MOUSE.H11MO.0.C,9.191704253910153
CLOCK_MOUSE.H11MO.0.C,7.884241045397548
E2F1_MOUSE.H11MO.0.A,8.94270565808963
ETV4_MOUSE.H11MO.0.B,8.171999469189252
E2F6_MOUSE.H11MO.0.A,8.979928247463292
ELK1_MOUSE.H11MO.0.B,9.40822271209742
ERR3_MOUSE.H11MO.0.C,8.885138849996054
ETV6_MOUSE.H11MO.0.C,8.95837129236115
CUX1_MOUSE.H11MO.0.C,8.66318941464209
AIRE_MOUSE.H11MO.0.C,8.453625034406933
BATF3_MOUSE.H11MO.0.A,8.907005337432544
E2F7_MOUSE.H11MO.0.C,8.848109900962875
FOSB_MOUSE.H11MO.0.A,8.810884362271949
E2F4_MOUSE.H11MO.0.A,8.952476663434346
FEV_MOUSE.H11MO.0.B,8.126341719848856
ERR1_MOUSE.H11MO.0.A,9.661494159202178
FOXA1_MOUSE.H11MO.0.A,9.758678815628187
EGR1_MOUSE.H11MO.0.A,9.670344430291863
BATF_MOUSE.H11MO.0.A,8.869922747638768
EGR2_MOUSE.H11MO.0.A,9.173081431643496
ELK4_MOUSE.H11MO.0.B,8.893921556213414
ELF1_MOUSE.H11MO.0.A,9.719649675330025
ELF3_MOUSE.H11MO.0.B,9.501188581076903
FOSL2_MOUSE.H11MO.0.A,9.224282633366492
FOXJ2_MOUSE.H11MO.0.C,8.909679890790159
ETS2_MOUSE.H11MO.0.A,8.724839612193001
ERG_MOUSE.H11MO.0.A,9.376848338264224
FOSL1_MOUSE.H11MO.0.A,9.970884970221071
EHF_MOUSE.H11MO.0.B,9.962037448913875
FOXO4_MOUSE.H11MO.0.C,8.636781110235884
FOS_MOUSE.H11MO.0.A,9.498944256747151
ELF2_MOUSE.H11MO.0.C,8.34546773662456
DMRTB_MOUSE.H11MO.0.C,8.879315494562796
IRF3_MA1418.1,9.99863735160855
FOXP2_MOUSE.H11MO.0.A,9.059612820025002
FOXO1_MOUSE.H11MO.0.A,9.35826540610659
ETS1_MOUSE.H11MO.0.A,9.277079661970816
FOXK1_MOUSE.H11MO.0.A,8.797344533626259
FOXO3_MOUSE.H11MO.0.B,9.332301419920341
FOXL2_MOUSE.H11MO.0.C,9.233060953021095
FOXI1_MOUSE.H11MO.0.B,9.770693760298371
FOXA2_MOUSE.H11MO.0.A,9.318584044101584
FOXA3_MOUSE.H11MO.0.A,9.196250847456263
DMRT1_MOUSE.H11MO.0.C,9.342395653934943
CTCFL_MOUSE.H11MO.0.A,9.533319689251314
ESR1_MOUSE.H11MO.0.A,9.002082898090677
ESR2_MOUSE.H11MO.0.A,8.78275921284775
FLI1_MOUSE.H11MO.0.A,9.246274161959853
GATA4_MOUSE.H11MO.0.A,9.2046763120061
GATA6_MOUSE.H11MO.0.A,8.925910307846905
HIF1A_MOUSE.H11MO.0.C,8.952266474521572
FOXJ3_MOUSE.H11MO.0.A,9.91025345664822
FOXM1_MOUSE.H11MO.0.B,8.639590196706799
GFI1B_MOUSE.H11MO.0.A,8.850678165963252
GFI1_MOUSE.H11MO.0.C,9.330492924390335
HIC1_MOUSE.H11MO.0.C,8.852060108982968
FOXQ1_MOUSE.H11MO.0.C,8.937803233165035
GATA2_MOUSE.H11MO.0.A,8.827405967282388
ELF5_MOUSE.H11MO.0.A,9.464429419090479
ETV2_MOUSE.H11MO.0.A,9.5196140066016
HXB4_MOUSE.H11MO.0.A,8.714335979200328
FOXC1_MOUSE.H11MO.0.C,9.11203208833458
FOXD3_MOUSE.H11MO.0.C,8.164625309840588
IKZF1_MOUSE.H11MO.0.C,8.547612178756317
ERR2_MOUSE.H11MO.0.A,9.242693062768552
EVI1_MOUSE.H11MO.0.B,9.333222831123791
GLI1_MOUSE.H11MO.0.C,9.063874855795717
HTF4_MOUSE.H11MO.0.A,8.731563963846348
GRHL2_MOUSE.H11MO.0.A,9.153627054304593
GATA3_MOUSE.H11MO.0.A,8.907225830847175
HXA1_MOUSE.H11MO.0.C,8.130713236941236
CTCF_MOUSE.H11MO.0.A,9.557177699419114
HLF_MOUSE.H11MO.0.C,9.10340649587269
HNF6_MOUSE.H11MO.0.A,9.849319557117873
GABPA_MOUSE.H11MO.0.A,9.730627821040258
HXB7_MOUSE.H11MO.0.C,9.321709095130167
HXA13_MOUSE.H11MO.0.C,8.248714012222052
HXA9_MOUSE.H11MO.0.B,8.865665734260496
ISL1_MOUSE.H11MO.0.A,8.181189832263136
ITF2_MOUSE.H11MO.0.B,12.097885885033314
JUNB_MOUSE.H11MO.0.A,8.916873647063966
HXB8_MOUSE.H11MO.0.C,9.20561907577953
IRF7_MOUSE.H11MO.0.C,8.523391762105511
HXA10_MOUSE.H11MO.0.C,8.109973445817054
JUN_MOUSE.H11MO.0.A,9.114198320078224
HXC9_MOUSE.H11MO.0.A,8.790340820319564
KLF8_MOUSE.H11MO.0.C,7.61937492680671
INSM1_MOUSE.H11MO.0.C,9.016853167303097
JUND_MOUSE.H11MO.0.A,9.237593617188637
GCR_MOUSE.H11MO.0.A,9.097238518870022
MECP2_MOUSE.H11MO.0.C,10.455211155751563
LHX3_MOUSE.H11MO.0.C,8.410384223113716
HNF4G_MOUSE.H11MO.0.C,9.109013506093213
LHX6_MOUSE.H11MO.0.C,9.173001917119826
HNF4A_MOUSE.H11MO.0.A,9.14730228661493
HSF2_MOUSE.H11MO.0.A,8.15071609217349
IRF9_MOUSE.H11MO.0.C,8.004360912199942
LHX2_MOUSE.H11MO.0.A,8.867958305036474
HNF1A_MOUSE.H11MO.0.A,8.967490266029067
HNF1B_MOUSE.H11MO.0.A,9.060775625930518
HSF1_MOUSE.H11MO.0.A,9.520498239258231
MAFB_MOUSE.H11MO.0.B,8.395601112510754
MYF6_MOUSE.H11MO.0.C,7.245294964401685
HINFP_MOUSE.H11MO.0.C,9.047497496643778
MAX_MOUSE.H11MO.0.A,9.108091265761317
MYCN_MOUSE.H11MO.0.A,9.142966334543345
HAND1_MOUSE.H11MO.0.C,9.061867171593164
MBD2_MOUSE.H11MO.0.B,9.867713072608112
NF2L1_MOUSE.H11MO.0.C,8.24255100375564
MITF_MOUSE.H11MO.0.A,8.775242707234426
KLF1_MOUSE.H11MO.0.A,9.440252542891272
BRAC_MOUSE.H11MO.0.B,8.843537967043552
GATA1_MOUSE.H11MO.0.A,8.881944689932894
KAISO_MOUSE.H11MO.0.B,8.950750544484656
MEIS1_MOUSE.H11MO.0.A,8.881837657710939
LEF1_MOUSE.H11MO.0.B,8.368799551421482
NDF1_MOUSE.H11MO.0.A,9.870850696130674
LYL1_MOUSE.H11MO.0.A,8.020123206123223
NDF2_MOUSE.H11MO.0.A,9.566095282509096
KLF4_MOUSE.H11MO.0.A,8.783686693875048
KLF5_MOUSE.H11MO.0.A,9.21463807594725
NFAC2_MOUSE.H11MO.0.C,9.202542316099382
MSGN1_MOUSE.H11MO.0.C,9.687095195119255
NFAC3_MOUSE.H11MO.0.B,8.489324735186873
MYB_MOUSE.H11MO.0.A,8.790585821114178
MEIS2_MOUSE.H11MO.0.B,9.957011417256965
MEF2A_MOUSE.H11MO.0.A,8.757310806423057
MYC_MOUSE.H11MO.0.A,8.839116525616866
NFIB_MOUSE.H11MO.0.C,9.889502995751826
MEF2D_MOUSE.H11MO.0.A,9.197580083555899
NFIC_MOUSE.H11MO.0.A,9.544835202709805
NFAC4_MOUSE.H11MO.0.C,8.63070450454287
MYOG_MOUSE.H11MO.0.A,9.612418854949922
HEN1_MOUSE.H11MO.0.C,9.296511807717579
MEF2C_MOUSE.H11MO.0.A,8.931985342013057
IRF4_MOUSE.H11MO.0.A,9.056447208525391
NFIL3_MOUSE.H11MO.0.C,9.191282694534934
NFKB1_MOUSE.H11MO.0.A,9.16028767523133
NKX28_MOUSE.H11MO.0.C,7.671968208667934
NFKB2_MOUSE.H11MO.0.C,9.177280516282863
MXI1_MOUSE.H11MO.0.A,8.890382669879422
NOBOX_MOUSE.H11MO.0.C,8.899725259205539
NKX21_MOUSE.H11MO.0.A,9.234567653650117
MYBA_MOUSE.H11MO.0.C,9.264707093349806
MAF_MOUSE.H11MO.0.A,8.806656527149762
NKX25_MOUSE.H11MO.0.A,8.91373785778952
NF2L2_MOUSE.H11MO.0.A,8.581971633237835
MYOD1_MOUSE.H11MO.0.A,9.97505135803248
NKX32_MOUSE.H11MO.0.B,9.315528067547213
NKX22_MOUSE.H11MO.0.A,9.008525070154754
IRF1_MOUSE.H11MO.0.A,9.685019896099988
KLF15_MOUSE.H11MO.0.A,9.377306152183408
NGN2_MOUSE.H11MO.0.C,9.467709192529362
MAFG_MOUSE.H11MO.0.A,9.745064823202625
IRF2_MOUSE.H11MO.0.B,9.652800925378031
IRF3_MOUSE.H11MO.0.A,9.016612000920084
KLF3_MOUSE.H11MO.0.A,9.383710174435251
NFE2_MOUSE.H11MO.0.A,9.48530914211031
IRF8_MOUSE.H11MO.0.A,9.450940829158682
NR4A1_MOUSE.H11MO.0.B,8.157148774332562
NR4A2_MOUSE.H11MO.0.C,8.76103772647921
KLF6_MOUSE.H11MO.0.B,8.813495952115694
NFAC1_MOUSE.H11MO.0.A,9.179669627637367
NFYB_MOUSE.H11MO.0.A,9.714187534794853
NKX31_MOUSE.H11MO.0.C,8.712411379319228
MTF1_MOUSE.H11MO.0.C,9.148706278635053
OVOL2_MOUSE.H11MO.0.C,11.071496708173406
OVOL1_MOUSE.H11MO.0.C,7.63608608063787
NFIA_MOUSE.H11MO.0.C,8.496678195772724
NFYA_MOUSE.H11MO.0.A,9.50670869364069
NANOG_MOUSE.H11MO.0.A,8.812278369502721
NFYC_MOUSE.H11MO.0.B,9.694249311045667
NR5A2_MOUSE.H11MO.0.A,9.310873862493665
PDX1_MOUSE.H11MO.0.B,9.213473014932454
NR2C1_MOUSE.H11MO.0.C,8.679535278242987
MAFK_MOUSE.H11MO.0.A,9.565822008215022
NR2C2_MOUSE.H11MO.0.A,8.542960283838198
PRRX2_MOUSE.H11MO.0.C,9.921535815264502
PBX1_MOUSE.H11MO.0.A,8.999959196273252
OTX2_MOUSE.H11MO.0.A,9.116382448025455
PITX1_MOUSE.H11MO.0.C,9.350174022684449
NR2E3_MOUSE.H11MO.0.C,8.52384542343708
PRD16_MOUSE.H11MO.0.B,8.754999015338
PEBB_MOUSE.H11MO.0.C,8.352785487525729
NR1H3_MOUSE.H11MO.0.A,8.609879070775563
PAX6_MOUSE.H11MO.0.C,8.484888082563664
PKNX1_MOUSE.H11MO.0.A,8.791765012320731
PO2F2_MOUSE.H11MO.0.B,8.76339562781677
MAFF_MOUSE.H11MO.0.A,9.130926636050674
PROP1_MOUSE.H11MO.0.C,9.120934186800753
PIT1_MOUSE.H11MO.0.C,8.711401199802665
PBX3_MOUSE.H11MO.0.A,9.349052947694332
MAZ_MOUSE.H11MO.0.A,8.97317034932778
RELB_MOUSE.H11MO.0.C,8.401678447980387
PBX2_MOUSE.H11MO.0.C,8.354355865467447
PRDM1_MOUSE.H11MO.0.A,9.300319831524767
RFX6_MOUSE.H11MO.0.C,8.452696398386024
RXRB_MOUSE.H11MO.0.C,8.32743679955189
SALL4_MOUSE.H11MO.0.A,9.0780240082032
NR1I3_MOUSE.H11MO.0.C,8.886656520251833
NRF1_MOUSE.H11MO.0.A,9.564023729068154
NKX61_MOUSE.H11MO.0.A,8.678216811189671
RORG_MOUSE.H11MO.0.B,8.892255579455522
SMAD2_MOUSE.H11MO.0.A,8.761535816249847
PRDM5_MOUSE.H11MO.0.A,9.144575710060359
NR1D2_MOUSE.H11MO.0.A,8.723848311402541
NR1D1_MOUSE.H11MO.0.A,8.493261391229666
PRGR_MOUSE.H11MO.0.A,9.073258052313712
NR1H4_MOUSE.H11MO.0.A,8.773433343943907
NR1I2_MOUSE.H11MO.0.C,8.835321717635907
PO2F1_MOUSE.H11MO.0.C,8.82124998800424
RUNX1_MOUSE.H11MO.0.A,9.348921207835808
RUNX2_MOUSE.H11MO.0.A,9.077313288593729
RUNX3_MOUSE.H11MO.0.A,9.340327736625731
PO3F1_MOUSE.H11MO.0.C,8.716950715322028
PO3F2_MOUSE.H11MO.0.A,9.15122135617871
PO5F1_MOUSE.H11MO.0.A,9.260248379017845
SNAI1_MOUSE.H11MO.0.C,7.185267486348538
RORA_MOUSE.H11MO.0.C,8.745764048242997
PRD14_MOUSE.H11MO.0.A,8.685807181102021
OLIG2_MOUSE.H11MO.0.A,8.797501510561652
REL_MOUSE.H11MO.0.A,8.828942066072628
PPARG_MOUSE.H11MO.0.A,8.805023623671666
PPARA_MOUSE.H11MO.0.A,8.815681223018437
SOX5_MOUSE.H11MO.0.C,8.220997004173029
SMAD3_MOUSE.H11MO.0.B,8.195363863212087
SMAD4_MOUSE.H11MO.0.A,8.223252364277062
P63_MOUSE.H11MO.0.B,9.412004385717779
P73_MOUSE.H11MO.0.B,8.956844294715737
PAX5_MOUSE.H11MO.0.A,8.692577987165343
SNAI2_MOUSE.H11MO.0.A,10.86628852635932
SRY_MOUSE.H11MO.0.B,8.315160401791317
RFX3_MOUSE.H11MO.0.C,9.601159187968136
SOX3_MOUSE.H11MO.0.C,9.29877595794489
SIX2_MOUSE.H11MO.0.A,9.09274911671978
SIX4_MOUSE.H11MO.0.C,8.050428310317216
STA5A_MOUSE.H11MO.0.A,9.310018374666157
PTF1A_MOUSE.H11MO.0.A,9.002342476451467
P53_MOUSE.H11MO.0.A,9.258247403285864
STAT4_MOUSE.H11MO.0.A,8.661085951963905
SOX4_MOUSE.H11MO.0.A,8.905638241754033
RARG_MOUSE.H11MO.0.C,8.636385183751337
SRBP1_MOUSE.H11MO.0.B,8.470342063193478
PRDM9_MOUSE.H11MO.0.C,9.234840634253743
STA5B_MOUSE.H11MO.0.A,9.121115009314885
TBX3_MOUSE.H11MO.0.B,8.989408628697966
STAT3_MOUSE.H11MO.0.A,8.691002960182765
STF1_MOUSE.H11MO.0.B,8.832671702612153
TBP_MOUSE.H11MO.0.A,8.629818400592583
SUH_MOUSE.H11MO.0.A,8.750063826947596
SMCA5_MOUSE.H11MO.0.C,8.790715736959648
SRBP2_MOUSE.H11MO.0.B,8.356581285356285
RARA_MOUSE.H11MO.0.A,9.339599209486678
SP7_MOUSE.H11MO.0.A,8.88889091748193
TFEB_MOUSE.H11MO.0.C,9.329686772709927
TGIF1_MOUSE.H11MO.0.A,9.030566473035073
TEAD1_MOUSE.H11MO.0.A,9.426523570984543
TFE3_MOUSE.H11MO.0.A,9.157201311177438
TBX21_MOUSE.H11MO.0.A,8.276651934401386
SOX10_MOUSE.H11MO.0.B,8.91720823529856
SOX2_MOUSE.H11MO.0.A,9.041197150035508
TF65_MOUSE.H11MO.0.A,9.149310321552854
STAT6_MOUSE.H11MO.0.A,8.935123609456475
TF7L1_MOUSE.H11MO.0.A,8.920896988071682
SPI1_MOUSE.H11MO.0.A,9.597478201190995
TFE2_MOUSE.H11MO.0.A,9.770229044801532
TEAD2_MOUSE.H11MO.0.C,9.139934561095792
TAF1_MOUSE.H11MO.0.A,8.600350720450365
SOX9_MOUSE.H11MO.0.A,9.338507075791767
TBX20_MOUSE.H11MO.0.C,8.977851112039616
ZBT7A_MOUSE.H11MO.0.B,10.001343709623605
TF7L2_MOUSE.H11MO.0.A,9.016881732645153
ZIC1_MOUSE.H11MO.0.B,8.028299156277498
ZEB1_MOUSE.H11MO.0.B,9.092070602143394
SRF_MOUSE.H11MO.0.A,9.086876599481393
SPIB_MOUSE.H11MO.0.A,9.761419366714364
TYY1_MOUSE.H11MO.0.A,9.441936606146783
ZFP57_MOUSE.H11MO.0.B,9.201158743225072
REST_MOUSE.H11MO.0.A,9.826565949022893
RXRA_MOUSE.H11MO.0.A,8.947125508817372
RFX1_MOUSE.H11MO.0.A,9.288743043961034
VSX2_MOUSE.H11MO.0.C,9.770439035475277
RFX2_MOUSE.H11MO.0.A,8.93642002954519
XBP1_MOUSE.H11MO.0.C,10.685463469144139
AHR_HUMAN.H11MO.0.B,9.475802153618702
TEAD4_MOUSE.H11MO.0.A,9.139774344789991
USF1_MOUSE.H11MO.0.A,9.841035800511037
TCF7_MOUSE.H11MO.0.A,8.498319060168633
ZFP42_MOUSE.H11MO.0.A,9.082093323722084
RXRG_MOUSE.H11MO.0.B,9.356452911192832
STAT2_MOUSE.H11MO.0.A,9.534905483269256
ARNT_HUMAN.H11MO.0.B,9.309186559195332
AP2B_HUMAN.H11MO.0.B,8.419011820481877
ALX1_HUMAN.H11MO.0.B,8.534230057848632
ATOH1_HUMAN.H11MO.0.B,9.833582678869547
SP3_MOUSE.H11MO.0.B,8.93249090368564
SP4_MOUSE.H11MO.0.B,8.858719048256212
THA_MOUSE.H11MO.0.C,8.934931275613742
ATF1_HUMAN.H11MO.0.B,8.604704647101713
VDR_MOUSE.H11MO.0.A,8.931989166201923
ATF2_HUMAN.H11MO.0.B,8.808924301075237
TWST1_MOUSE.H11MO.0.B,9.100364509194279
ATF3_HUMAN.H11MO.0.A,8.764219627631185
BACH2_HUMAN.H11MO.0.A,8.958058084447998
ZIC2_MOUSE.H11MO.0.C,9.151808600126131
CDX1_HUMAN.H11MO.0.C,7.775823218173592
ZIC3_MOUSE.H11MO.0.A,9.188616487653277
ZN281_MOUSE.H11MO.0.A,9.972962336557572
ATF4_HUMAN.H11MO.0.A,9.729339239018728
TAL1_MOUSE.H11MO.0.A,9.451985645531636
ATF6A_HUMAN.H11MO.0.B,8.91178454558726
TF2L1_MOUSE.H11MO.0.C,9.41015041899324
BHE40_HUMAN.H11MO.0.A,8.985434706546002
BHA15_HUMAN.H11MO.0.B,9.272439485429068
ARI5B_HUMAN.H11MO.0.C,7.912150217842463
SP2_MOUSE.H11MO.0.B,8.999384362569593
BACH1_HUMAN.H11MO.0.A,9.02446855340174
AP2C_HUMAN.H11MO.0.A,9.463837498754351
ASCL1_HUMAN.H11MO.0.A,9.42717648677467
STAT1_MOUSE.H11MO.0.A,9.040252121944462
AP2A_HUMAN.H11MO.0.A,9.491424058861291
BMAL1_HUMAN.H11MO.0.A,8.910426489347842
BCL6_HUMAN.H11MO.0.A,8.787633691427125
USF2_MOUSE.H11MO.0.A,9.630104810811645
CEBPD_HUMAN.H11MO.0.C,8.633197436329013
CDX2_HUMAN.H11MO.0.A,8.704893325724228
CEBPA_HUMAN.H11MO.0.A,9.731100726102575
ZBT17_MOUSE.H11MO.0.A,9.139537419634806
CEBPB_HUMAN.H11MO.0.A,10.135035745473019
DLX3_HUMAN.H11MO.0.C,8.823091708869647
CREB1_HUMAN.H11MO.0.A,8.969995725859931
CEBPG_HUMAN.H11MO.0.B,9.56283889307123
CEBPE_HUMAN.H11MO.0.A,9.138910658393115
CREM_HUMAN.H11MO.0.C,8.807260034034691
E2F2_HUMAN.H11MO.0.B,8.020149375787422
ZFX_MOUSE.H11MO.0.B,9.561143047354783
AIRE_HUMAN.H11MO.0.C,8.453625034406933
SP1_MOUSE.H11MO.0.A,9.172577721768548
WT1_MOUSE.H11MO.0.B,9.254440691259205
DBP_HUMAN.H11MO.0.B,8.194806068011559
DUX4_HUMAN.H11MO.0.A,9.83098490614708
E2F5_HUMAN.H11MO.0.B,8.799421097207702
SP5_MOUSE.H11MO.0.C,9.08618263368038
ZKSC1_MOUSE.H11MO.0.A,9.140979417457118
E2F3_HUMAN.H11MO.0.A,8.6334502124636
ANDR_HUMAN.H11MO.0.A,8.90212591767218
COT2_HUMAN.H11MO.0.A,9.047095501035635
BATF3_HUMAN.H11MO.0.B,8.907005337432544
THA11_MOUSE.H11MO.0.B,9.394167654569358
CRX_HUMAN.H11MO.0.B,8.876331781581932
BC11A_HUMAN.H11MO.0.A,8.54528740406699
CLOCK_HUMAN.H11MO.0.C,7.884241045397548
EPAS1_HUMAN.H11MO.0.B,9.191704253910153
ZN322_MOUSE.H11MO.0.B,8.944774502574667
BATF_HUMAN.H11MO.0.A,9.059759782495497
ERR2_HUMAN.H11MO.0.A,9.261667904718934
ERR3_HUMAN.H11MO.0.B,8.238777891632335
CUX1_HUMAN.H11MO.0.C,8.66318941464209
E2F4_HUMAN.H11MO.0.A,9.072509870770588
COE1_HUMAN.H11MO.0.A,9.425780169971446
ELK1_HUMAN.H11MO.0.B,9.480738316274376
E2F1_HUMAN.H11MO.0.A,8.917192957498592
E2F6_HUMAN.H11MO.0.A,8.776837546068279
E2F7_HUMAN.H11MO.0.B,8.848109900962875
FOSB_HUMAN.H11MO.0.A,8.868497480207068
ELK4_HUMAN.H11MO.0.A,9.469067891189475
FEV_HUMAN.H11MO.0.B,8.126341719848856
FOS_HUMAN.H11MO.0.A,8.821473826556797
ETV1_HUMAN.H11MO.0.A,9.480099643013858
ELF2_HUMAN.H11MO.0.C,9.269067653677062
ETV4_HUMAN.H11MO.0.B,8.841413457866715
ELF1_HUMAN.H11MO.0.A,9.547146879239122
FOXH1_HUMAN.H11MO.0.A,8.823864214648328
ZN143_MOUSE.H11MO.0.A,9.554777042930311
ZN335_MOUSE.H11MO.0.A,8.999142178097664
COT1_HUMAN.H11MO.0.C,8.932456482412498
ELF3_HUMAN.H11MO.0.A,9.501188581076903
ERG_HUMAN.H11MO.0.A,9.292426263373123
EHF_HUMAN.H11MO.0.B,9.962037448913875
FEZF1_HUMAN.H11MO.0.C,8.66367689373429
FOXO4_HUMAN.H11MO.0.C,8.636781110235884
ETS1_HUMAN.H11MO.0.A,9.361365667899989
ETS2_HUMAN.H11MO.0.B,8.724839612193001
CTCFL_HUMAN.H11MO.0.A,9.299232310902006
FOSL1_HUMAN.H11MO.0.A,9.970884970221071
FOXJ2_HUMAN.H11MO.0.C,8.909679890790159
FOXP1_HUMAN.H11MO.0.A,8.682792339546602
FOXP2_HUMAN.H11MO.0.C,9.012874748225194
FOXK1_HUMAN.H11MO.0.A,8.609878934896031
FOSL2_HUMAN.H11MO.0.A,9.895520150061856
FOXO3_HUMAN.H11MO.0.B,9.240594689542633
ELF5_HUMAN.H11MO.0.A,9.510407014855396
FOXA1_HUMAN.H11MO.0.A,9.575130762039421
FOXA2_HUMAN.H11MO.0.A,9.656222036106712
ZN431_MOUSE.H11MO.0.C,9.563338866123686
ETV5_HUMAN.H11MO.0.C,8.622447198381401
BRAC_HUMAN.H11MO.0.A,8.645993473856777
ERR1_HUMAN.H11MO.0.A,9.380854954127543
EGR1_HUMAN.H11MO.0.A,8.870060579798327
FOXI1_HUMAN.H11MO.0.B,9.770693760298371
FOXA3_HUMAN.H11MO.0.B,9.196250847456263
ESR1_HUMAN.H11MO.0.A,8.996360742972719
HIF1A_HUMAN.H11MO.0.C,8.952266474521572
ESR2_HUMAN.H11MO.0.A,8.78275921284775
GATA4_HUMAN.H11MO.0.A,9.2046763120061
FOXM1_HUMAN.H11MO.0.A,8.639590196706799
FOXO1_HUMAN.H11MO.0.A,8.621291667311418
HIC1_HUMAN.H11MO.0.C,8.852060108982968
GFI1B_HUMAN.H11MO.0.A,9.00263852297659
GFI1_HUMAN.H11MO.0.C,9.330492924390335
FOXQ1_HUMAN.H11MO.0.C,8.937803233165035
GATA3_HUMAN.H11MO.0.A,8.97551299121917
CTCF_HUMAN.H11MO.0.A,9.54584977203578
FOXJ3_HUMAN.H11MO.0.A,9.91025345664822
EGR2_HUMAN.H11MO.0.A,8.863626946094797
ETV2_HUMAN.H11MO.0.B,9.5196140066016
HXB4_HUMAN.H11MO.0.B,8.714335979200328
GLI3_HUMAN.H11MO.0.B,8.522469751279079
EVI1_HUMAN.H11MO.0.B,9.333222831123791
FOXC1_HUMAN.H11MO.0.C,9.11203208833458
HTF4_HUMAN.H11MO.0.A,8.81926880178046
IKZF1_HUMAN.H11MO.0.C,8.547612178756317
HXA1_HUMAN.H11MO.0.C,8.130713236941236
HXB13_HUMAN.H11MO.0.A,9.01569328292183
GRHL2_HUMAN.H11MO.0.A,9.113412649421875
GATA6_HUMAN.H11MO.0.A,9.470734874527338
HNF6_HUMAN.H11MO.0.B,9.849319557117873
HXB7_HUMAN.H11MO.0.C,9.321709095130167
HXA13_HUMAN.H11MO.0.C,8.248714012222052
GABPA_HUMAN.H11MO.0.A,9.478126030487232
HXA9_HUMAN.H11MO.0.B,8.865665734260496
HXC9_HUMAN.H11MO.0.C,8.783359279423458
ISL1_HUMAN.H11MO.0.A,8.181189832263136
IRF7_HUMAN.H11MO.0.C,8.523391762105511
HXA10_HUMAN.H11MO.0.C,8.109973445817054
HXB8_HUMAN.H11MO.0.C,9.20561907577953
HLF_HUMAN.H11MO.0.C,8.931582213817578
ITF2_HUMAN.H11MO.0.C,8.623681389698021
FLI1_HUMAN.H11MO.0.A,9.25614476113617
GCR_HUMAN.H11MO.0.A,8.944494783661668
KLF8_HUMAN.H11MO.0.C,7.61937492680671
INSM1_HUMAN.H11MO.0.C,9.016853167303097
JUNB_HUMAN.H11MO.0.A,9.209343038844253
JUN_HUMAN.H11MO.0.A,9.229696594581725
JUND_HUMAN.H11MO.0.A,9.234274795045245
KLF4_HUMAN.H11MO.0.A,9.536858700398263
HNF4A_HUMAN.H11MO.0.A,9.17994813099805
HNF4G_HUMAN.H11MO.0.B,9.109013506093213
KLF12_HUMAN.H11MO.0.C,9.486639687154977
IRF9_HUMAN.H11MO.0.C,8.004360912199942
MECP2_HUMAN.H11MO.0.C,10.455211155751563
HSF2_HUMAN.H11MO.0.A,8.15071609217349
HNF1A_HUMAN.H11MO.0.C,8.910388387997429
HNF1B_HUMAN.H11MO.0.A,9.224618741205454
HSF1_HUMAN.H11MO.0.A,9.233192443042405
MAX_HUMAN.H11MO.0.A,8.961254369471547
MYF6_HUMAN.H11MO.0.C,7.245294964401685
MAFB_HUMAN.H11MO.0.B,8.395601112510754
HINFP_HUMAN.H11MO.0.C,9.047497496643778
LHX2_HUMAN.H11MO.0.A,8.865209609581697
MBD2_HUMAN.H11MO.0.B,9.867713072608112
NF2L1_HUMAN.H11MO.0.C,8.24255100375564
KLF1_HUMAN.H11MO.0.A,9.455761380603477
LHX3_HUMAN.H11MO.0.C,9.304859992061765
MITF_HUMAN.H11MO.0.A,9.53589815471981
KLF5_HUMAN.H11MO.0.A,9.089671586378458
KAISO_HUMAN.H11MO.0.A,8.950750544484656
NDF2_HUMAN.H11MO.0.B,9.434972938669297
GATA1_HUMAN.H11MO.0.A,9.278781260574071
GATA2_HUMAN.H11MO.0.A,9.324064656893619
LEF1_HUMAN.H11MO.0.A,8.368799551421482
MEF2D_HUMAN.H11MO.0.A,9.196817558971027
MYC_HUMAN.H11MO.0.A,9.078005257311993
LYL1_HUMAN.H11MO.0.A,8.020123206123223
NDF1_HUMAN.H11MO.0.A,9.870850696130674
NFAC2_HUMAN.H11MO.0.B,9.202542316099382
MEIS1_HUMAN.H11MO.0.A,8.881837657710939
NFAC3_HUMAN.H11MO.0.B,8.489324735186873
MEF2A_HUMAN.H11MO.0.A,9.13257028008023
KLF9_HUMAN.H11MO.0.C,9.583785582034622
MYB_HUMAN.H11MO.0.A,8.957963003858588
MYCN_HUMAN.H11MO.0.A,8.9740100791645
MEF2C_HUMAN.H11MO.0.A,9.05286742172293
MEIS2_HUMAN.H11MO.0.B,9.957011417256965
NFAC4_HUMAN.H11MO.0.C,8.63070450454287
MEF2B_HUMAN.H11MO.0.A,8.828818333795489
MYOG_HUMAN.H11MO.0.B,9.612418854949922
MZF1_HUMAN.H11MO.0.B,9.199770877201573
NKX25_HUMAN.H11MO.0.B,8.220161566636023
IRF4_HUMAN.H11MO.0.A,9.296742354273938
HEN1_HUMAN.H11MO.0.C,9.296511807717579
NKX28_HUMAN.H11MO.0.C,7.671968208667934
NOBOX_HUMAN.H11MO.0.C,8.899725259205539
NKX21_HUMAN.H11MO.0.A,9.07888340603727
NFKB1_HUMAN.H11MO.1.B,9.16028767523133
NFKB2_HUMAN.H11MO.0.B,9.177280516282863
MXI1_HUMAN.H11MO.0.A,8.890382669879422
NKX32_HUMAN.H11MO.0.C,9.315528067547213
MYOD1_HUMAN.H11MO.0.A,9.770757036148552
NF2L2_HUMAN.H11MO.0.A,9.549907436241469
NR4A1_HUMAN.H11MO.0.A,8.164274131230332
NFE2_HUMAN.H11MO.0.A,9.10341969958251
NR4A2_HUMAN.H11MO.0.C,8.76103772647921
KLF15_HUMAN.H11MO.0.A,9.377306152183408
KLF3_HUMAN.H11MO.0.B,9.383710174435251
IRF1_HUMAN.H11MO.0.A,9.526868194820182
IRF2_HUMAN.H11MO.0.A,9.652800925378031
IRF8_HUMAN.H11MO.0.B,9.450940829158682
IRF3_HUMAN.H11MO.0.B,9.016612000920084
MAFG_HUMAN.H11MO.0.A,9.745064823202625
MAFF_HUMAN.H11MO.0.B,8.588476395306238
MAFK_HUMAN.H11MO.0.A,9.492111963755434
NKX31_HUMAN.H11MO.0.C,8.712411379319228
KLF6_HUMAN.H11MO.0.A,8.813495952115694
NFAC1_HUMAN.H11MO.0.B,8.646165107512068
NFYB_HUMAN.H11MO.0.A,9.714187534794853
OVOL1_HUMAN.H11MO.0.C,7.63608608063787
MTF1_HUMAN.H11MO.0.C,9.148706278635053
NR2C2_HUMAN.H11MO.0.B,8.854139209993335
NR5A2_HUMAN.H11MO.0.B,9.426260905099667
NFYA_HUMAN.H11MO.0.A,9.50670869364069
NANOG_HUMAN.H11MO.0.A,8.765614094201034
MAF_HUMAN.H11MO.0.A,8.77754749132123
NFYC_HUMAN.H11MO.0.A,8.751508987585858
NR2C1_HUMAN.H11MO.0.C,8.679535278242987
OTX2_HUMAN.H11MO.0.A,8.976789750584423
NFIA_HUMAN.H11MO.0.C,8.496678195772724
PDX1_HUMAN.H11MO.0.A,8.590471934995904
PRRX2_HUMAN.H11MO.0.C,9.921535815264502
PBX1_HUMAN.H11MO.0.A,8.454624954863995
NR2E3_HUMAN.H11MO.0.C,8.52384542343708
NR6A1_HUMAN.H11MO.0.B,9.23772330146322
PBX3_HUMAN.H11MO.0.A,8.50375550451988
PEBB_HUMAN.H11MO.0.C,8.352785487525729
PAX6_HUMAN.H11MO.0.C,8.484888082563664
PKNX1_HUMAN.H11MO.0.B,8.791765012320731
NFIC_HUMAN.H11MO.0.A,8.864339444714872
PO2F2_HUMAN.H11MO.0.A,8.76339562781677
PIT1_HUMAN.H11MO.0.C,8.711401199802665
MAZ_HUMAN.H11MO.0.A,8.97317034932778
OSR2_HUMAN.H11MO.0.C,9.099049764869122
RELB_HUMAN.H11MO.0.C,8.401678447980387
PRDM6_HUMAN.H11MO.0.C,8.972292270254755
PO3F1_HUMAN.H11MO.0.C,8.192650207359257
NR1I3_HUMAN.H11MO.0.C,8.886656520251833
NRF1_HUMAN.H11MO.0.A,9.548893978393522
RUNX1_HUMAN.H11MO.0.A,9.215294604411483
PRD14_HUMAN.H11MO.0.A,8.883849772249043
RUNX3_HUMAN.H11MO.0.A,9.249085921766287
PBX2_HUMAN.H11MO.0.C,8.354355865467447
PRDM1_HUMAN.H11MO.0.A,9.300319831524767
RXRB_HUMAN.H11MO.0.C,8.32743679955189
SALL4_HUMAN.H11MO.0.B,9.0780240082032
RORG_HUMAN.H11MO.0.C,8.892255579455522
NKX61_HUMAN.H11MO.0.B,8.828852696363207
NR1H3_HUMAN.H11MO.0.B,8.460709923895038
NR1I2_HUMAN.H11MO.0.C,8.835321717635907
NR1D1_HUMAN.H11MO.0.B,8.493261391229666
NR1H4_HUMAN.H11MO.0.B,8.773433343943907
OLIG2_HUMAN.H11MO.0.B,8.797501510561652
RORA_HUMAN.H11MO.0.C,8.745764048242997
RFX3_HUMAN.H11MO.0.B,10.054261300091937
PO2F1_HUMAN.H11MO.0.C,8.82124998800424
PO5F1_HUMAN.H11MO.0.A,8.998865411175714
SNAI1_HUMAN.H11MO.0.C,7.185267486348538
REL_HUMAN.H11MO.0.B,8.828942066072628
PRGR_HUMAN.H11MO.0.A,8.733296783139686
SOX5_HUMAN.H11MO.0.C,8.220997004173029
RUNX2_HUMAN.H11MO.0.A,9.025332162232324
RXRG_HUMAN.H11MO.0.B,9.788170823403206
PO3F2_HUMAN.H11MO.0.A,8.904436741400183
PPARA_HUMAN.H11MO.0.B,8.858223903875967
PPARG_HUMAN.H11MO.0.A,8.828063577483576
SNAI2_HUMAN.H11MO.0.A,11.292621543333496
SMAD2_HUMAN.H11MO.0.A,8.676084494747656
SIX1_HUMAN.H11MO.0.A,9.226610985655803
P63_HUMAN.H11MO.0.A,9.412004385717779
P73_HUMAN.H11MO.0.A,8.956844294715737
SMAD3_HUMAN.H11MO.0.B,8.195363863212087
SOX17_HUMAN.H11MO.0.C,8.597438483979623
SMCA1_HUMAN.H11MO.0.C,8.723500429815303
SIX2_HUMAN.H11MO.0.A,8.931375540004133
SOX3_HUMAN.H11MO.0.B,9.508523340727812
SRY_HUMAN.H11MO.0.B,8.315160401791317
SMAD4_HUMAN.H11MO.0.B,8.933181593186625
PTF1A_HUMAN.H11MO.0.B,9.002342476451467
P53_HUMAN.H11MO.0.A,9.38253432138903
SOX4_HUMAN.H11MO.0.B,8.905638241754033
RARG_HUMAN.H11MO.0.B,8.636385183751337
STA5A_HUMAN.H11MO.0.A,9.416545554886355
SRBP1_HUMAN.H11MO.0.A,8.641909527936676
RFX2_HUMAN.H11MO.0.A,9.63022768648986
SOX2_HUMAN.H11MO.0.A,9.209252026591763
STAT4_HUMAN.H11MO.0.A,9.190197227977045
TGIF1_HUMAN.H11MO.0.A,8.395870729942487
PAX5_HUMAN.H11MO.0.A,8.903156806664995
STAT6_HUMAN.H11MO.0.B,8.82334245673831
STA5B_HUMAN.H11MO.0.A,9.121115009314885
STF1_HUMAN.H11MO.0.B,8.832671702612153
TBP_HUMAN.H11MO.0.A,8.260561461277632
SRBP2_HUMAN.H11MO.0.B,8.356581285356285
SUH_HUMAN.H11MO.0.A,8.865174028861404
STAT3_HUMAN.H11MO.0.A,9.12032171928886
SMCA5_HUMAN.H11MO.0.C,8.81601137344488
TFAP4_HUMAN.H11MO.0.A,10.181990951645972
RARA_HUMAN.H11MO.0.A,9.094155226055769
TFEB_HUMAN.H11MO.0.C,9.329686772709927
TBX3_HUMAN.H11MO.0.C,8.652708805371084
PATZ1_HUMAN.H11MO.0.C,8.794206211114371
TFE3_HUMAN.H11MO.0.B,9.157201311177438
SOX10_HUMAN.H11MO.0.B,8.91720823529856
TEAD1_HUMAN.H11MO.0.A,9.041036369062965
RFX5_HUMAN.H11MO.0.A,8.811674823359247
SOX9_HUMAN.H11MO.0.B,9.338507075791767
TFE2_HUMAN.H11MO.0.A,9.770229044801532
TBX21_HUMAN.H11MO.0.A,8.150894567044112
TEAD4_HUMAN.H11MO.0.A,8.811716656008059
TF7L1_HUMAN.H11MO.0.B,8.924818466290368
TF7L2_HUMAN.H11MO.0.A,9.016881732645153
ZBT14_HUMAN.H11MO.0.C,9.30388355945852
RXRA_HUMAN.H11MO.0.A,8.563426892236258
ZBT7A_HUMAN.H11MO.0.A,10.001343709623605
OZF_HUMAN.H11MO.0.C,10.164336233279954
SPI1_HUMAN.H11MO.0.A,9.572268555825886
TF65_HUMAN.H11MO.0.A,9.305874400651462
SPIB_HUMAN.H11MO.0.A,9.680510054791128
REST_HUMAN.H11MO.0.A,9.481778450705534
RFX1_HUMAN.H11MO.0.B,9.288743043961034
ZEB1_HUMAN.H11MO.0.A,9.092070602143394
TYY1_HUMAN.H11MO.0.A,9.6697291694706
TFDP1_HUMAN.H11MO.0.C,8.800004799279918
USF1_HUMAN.H11MO.0.A,9.655623365117975
TAF1_HUMAN.H11MO.0.A,8.64501922105486
ZIC1_HUMAN.H11MO.0.B,8.028299156277498
ZBT18_HUMAN.H11MO.0.C,9.08912699615695
ZFX_HUMAN.H11MO.0.A,9.631950692947726
SRF_HUMAN.H11MO.0.A,9.136895770749668
TCF7_HUMAN.H11MO.0.A,8.784919768264913
ZBT48_HUMAN.H11MO.0.C,9.288099663435617
ZBTB6_HUMAN.H11MO.0.C,9.213902631902968
ZFP42_HUMAN.H11MO.0.A,9.082093323722084
STAT1_HUMAN.H11MO.0.A,9.329725781247781
SP3_HUMAN.H11MO.0.B,8.93249090368564
SP4_HUMAN.H11MO.0.A,8.858719048256212
STAT2_HUMAN.H11MO.0.A,9.534905483269256
VDR_HUMAN.H11MO.0.A,8.931989166201923
TAL1_HUMAN.H11MO.0.A,9.402782554526226
THB_HUMAN.H11MO.0.C,8.851203880791175
THA_HUMAN.H11MO.0.C,8.196120259287255
ZN257_HUMAN.H11MO.0.C,9.287594161814503
TWST1_HUMAN.H11MO.0.A,9.102171493957464
ZIC3_HUMAN.H11MO.0.B,9.188616487653277
SP1_HUMAN.H11MO.0.A,9.649283763947068
SP2_HUMAN.H11MO.0.A,8.999384362569593
ZN384_HUMAN.H11MO.0.C,9.274994134612314
ZN449_HUMAN.H11MO.0.C,9.074745236508832
USF2_HUMAN.H11MO.0.A,9.630104810811645
ZN281_HUMAN.H11MO.0.A,9.462080465003993
ZBT17_HUMAN.H11MO.0.A,8.773251209389251
WT1_HUMAN.H11MO.0.C,9.254440691259205
ZIM3_HUMAN.H11MO.0.C,9.7635457460416
THA11_HUMAN.H11MO.0.B,9.404615902302837
THAP1_HUMAN.H11MO.0.C,8.751081127707408
ZKSC1_HUMAN.H11MO.0.B,9.140979417457118
ZFP28_HUMAN.H11MO.0.C,9.482895402077588
VEZF1_HUMAN.H11MO.0.C,8.74116690659919
ZN121_HUMAN.H11MO.0.C,9.385995077802221
ZN350_HUMAN.H11MO.0.C,8.601086810105144
ZN418_HUMAN.H11MO.0.C,9.002903211475896
ZN250_HUMAN.H11MO.0.C,9.846544047952008
ZN263_HUMAN.H11MO.0.A,9.145695025254234
ZN274_HUMAN.H11MO.0.A,9.041019563992968
Z324A_HUMAN.H11MO.0.C,8.653690068638568
ZN329_HUMAN.H11MO.0.C,9.791063547331234
ZN320_HUMAN.H11MO.0.C,9.307864395006277
ZN317_HUMAN.H11MO.0.C,9.075457428038497
ZN322_HUMAN.H11MO.0.B,8.969986510846624
ZN331_HUMAN.H11MO.0.C,9.585832350779256
ZNF18_HUMAN.H11MO.0.C,9.322721484085854
Z354A_HUMAN.H11MO.0.C,8.925802979211468
ZN134_HUMAN.H11MO.0.C,9.102157196807305
ZN214_HUMAN.H11MO.0.C,8.76571814240026
ZN394_HUMAN.H11MO.0.C,8.413361548904582
ZN143_HUMAN.H11MO.0.A,9.402962189242004
ZN341_HUMAN.H11MO.0.C,8.856261801432808
ZN335_HUMAN.H11MO.0.A,8.999142178097664
ZN549_HUMAN.H11MO.0.C,9.184914488608548
ZFP82_HUMAN.H11MO.0.C,9.053913501516703
ZN528_HUMAN.H11MO.0.C,9.479041094799598
ZN140_HUMAN.H11MO.0.C,9.492132286938215
ZN382_HUMAN.H11MO.0.C,9.22859026677483
ZN502_HUMAN.H11MO.0.C,9.708152293433216
ZN667_HUMAN.H11MO.0.C,8.425491557229073
ZN547_HUMAN.H11MO.0.C,9.076707134293471
ZN136_HUMAN.H11MO.0.C,9.558697209817694
ZN467_HUMAN.H11MO.0.C,9.321883587339599
ZN563_HUMAN.H11MO.0.C,8.606633509866917
ZN260_HUMAN.H11MO.0.C,9.784104054168026
ZN554_HUMAN.H11MO.0.C,8.773655829392425
ZN264_HUMAN.H11MO.0.C,8.880055951358237
ZN586_HUMAN.H11MO.0.C,10.061755018847066
ZN680_HUMAN.H11MO.0.C,9.702634510119012
ZSC22_HUMAN.H11MO.0.C,9.187480775640957
ZN708_HUMAN.H11MO.0.C,9.29526344502262
ZN436_HUMAN.H11MO.0.C,9.89362709685058
ZN768_HUMAN.H11MO.0.C,9.527663246605172
ZN582_HUMAN.H11MO.0.C,9.466677276623145
ZSC31_HUMAN.H11MO.0.C,8.86532613758424
ZNF85_HUMAN.H11MO.0.C,9.168282335463715
ZN490_HUMAN.H11MO.0.C,10.074800960727742
ZN816_HUMAN.H11MO.0.C,9.359359893168467
ZN770_HUMAN.H11MO.0.C,9.236384911264153
ZNF76_HUMAN.H11MO.0.C,9.213226339601206
ZNF41_HUMAN.H11MO.0.C,9.217805703493923
ZNF8_HUMAN.H11MO.0.C,9.742901885147475
